age,position,minutes_in_game,appearances,minutes_played_home,minutes_played_away,minutes_on_bench,appearances_home,appearances_away,penalty_goals,goals_home,goals_away,penalty_misses,yellow_cards_overall,red_cards_overall,penalty_attempts,career_start_date,club_signing_date
31,Defender,1964,22,898,711,355,12,10,0,0,0,0,1,0,0,2015-04-18 07:05:27,2018-07-10 05:13:43
33,Midfielder,1607,18,497,740,370,8,10,0,1,0,0,1,0,0,2014-01-20 21:09:29,2021-04-14 05:43:39
30,Midfielder,2920,31,1200,1147,573,16,15,1,1,2,0,4,0,1,2014-10-21 23:56:27,2021-03-05 19:52:44
30,Midfielder,1671,30,699,648,324,15,15,0,2,2,0,0,0,0,2017-09-25 17:57:41,2018-10-28 08:35:36
20,Forward,121,4,24,65,32,2,2,0,0,0,0,0,0,0,2016-02-23 08:34:56,2020-02-16 04:25:53
23,Midfielder,3925,37,1615,1540,770,19,18,0,0,0,0,5,1,0,2017-07-26 14:50:06,2021-07-31 18:46:10
24,Midfielder,98,4,10,59,29,1,3,0,0,0,0,0,0,0,2015-05-22 16:05:24,2019-05-05 02:23:29
28,Midfielder,3835,37,1576,1506,753,19,18,0,3,2,0,7,0,0,2017-10-26 12:59:13,2021-03-10 22:31:43
26,Forward,821,15,478,229,114,9,6,1,1,2,1,2,0,2,2016-07-01 03:16:04,2019-03-23 21:54:31
23,Forward,25,2,10,10,5,1,1,0,0,0,0,0,0,0,2016-12-26 08:06:03,2019-10-14 22:46:58
32,Midfielder,628,15,199,286,143,7,8,0,0,0,0,1,0,0,2014-12-24 11:52:52,2021-04-07 00:45:02
27,Defender,1298,16,473,550,275,8,8,0,0,0,0,5,0,0,2016-12-08 16:58:28,2020-03-20 17:45:36
29,Defender,2609,27,1061,1032,516,13,14,0,1,0,0,6,1,0,2015-05-19 07:04:34,2020-03-28 22:30:23
24,Forward,679,14,355,216,108,9,5,0,0,0,0,1,0,0,2015-02-09 00:25:05,2021-11-27 18:53:12
25,Midfielder,1202,31,325,585,292,13,18,0,0,1,0,1,0,0,2014-01-01 03:07:01,2019-02-01 16:51:59
23,Forward,759,23,344,277,138,12,11,0,0,0,0,0,0,0,2015-04-12 20:43:53,2019-07-11 18:53:31
34,Defender,2486,28,851,1090,545,13,15,0,0,0,0,3,0,0,2015-05-20 10:04:26,2021-06-11 10:58:29
34,Goalkeeper,25,2,10,10,5,1,1,0,0,0,0,0,0,0,2014-11-09 11:34:01,2021-10-07 03:25:35
32,Midfielder,153,4,18,90,45,2,2,0,0,0,0,0,0,0,2016-04-25 17:02:01,2021-10-29 08:58:10
23,Midfielder,1271,18,472,533,266,8,10,0,0,1,0,3,1,0,2016-01-16 14:29:42,2018-08-25 11:48:25
28,Defender,212,4,100,75,37,2,2,0,0,0,0,0,0,0,2016-02-29 05:23:35,2020-03-23 10:35:37
26,Forward,4140,39,1626,1676,838,19,20,1,8,3,0,7,0,1,2015-10-23 07:47:05,2019-05-07 11:51:03
24,Forward,2612,37,752,1240,620,19,18,0,1,2,0,0,0,0,2016-07-09 14:06:50,2018-12-22 07:12:18
31,Goalkeeper,2815,27,1180,1090,545,14,13,0,0,0,0,1,0,0,2017-08-23 06:43:10,2019-10-08 18:15:06
27,Midfielder,44,4,29,10,5,3,1,0,0,0,0,0,0,0,2015-08-23 04:15:50,2018-12-25 22:31:25
27,Midfielder,2667,32,1002,1110,555,15,17,0,1,1,0,2,0,0,2015-04-04 09:22:52,2021-01-22 21:27:00
31,Goalkeeper,25,2,10,10,5,1,1,0,0,0,0,0,0,0,2016-02-05 20:25:23,2020-05-02 07:45:40
25,Forward,224,14,131,62,31,9,5,0,0,0,0,0,0,0,2014-12-18 07:24:21,2021-06-11 12:40:46
29,Forward,3078,37,1413,1110,555,20,17,0,9,4,0,2,0,0,2014-02-18 03:06:27,2018-07-22 13:27:57
24,Forward,50,3,10,27,13,1,2,0,0,0,0,0,0,0,2016-07-07 10:18:45,2018-03-13 00:17:30
32,Forward,1147,22,397,500,250,11,11,0,1,0,0,3,0,0,2016-07-03 06:15:05,2021-02-06 21:59:10
23,Defender,25,2,10,10,5,1,1,0,0,0,0,0,0,0,2014-04-25 23:02:11,2020-08-02 00:04:43
27,Defender,1448,17,557,594,297,9,8,0,0,0,0,2,0,0,2016-07-05 11:48:55,2019-10-15 15:10:18
22,Goalkeeper,25,2,10,10,5,1,1,0,0,0,0,0,0,0,2014-04-29 14:38:38,2020-09-19 17:08:54
20,Defender,25,2,10,10,5,1,1,0,0,0,0,0,0,0,2015-04-19 00:29:50,2019-07-16 19:41:20
27,Forward,1311,21,504,538,269,10,11,0,0,0,0,2,0,0,2016-09-14 06:10:13,2021-05-15 16:40:47
28,Goalkeeper,4300,40,1720,1720,860,20,20,0,0,0,0,1,0,0,2016-11-08 03:59:07,2019-09-26 01:30:59
28,Forward,1174,18,540,423,211,9,9,0,3,2,0,3,0,0,2014-08-03 10:12:26,2021-02-06 06:47:40
31,Midfielder,1822,24,627,797,398,11,13,0,0,2,0,4,0,0,2014-03-04 21:08:16,2019-11-16 15:19:48
27,Midfielder,2518,29,982,1024,512,14,15,0,1,0,0,7,0,0,2015-02-25 15:07:04,2018-10-08 09:19:04
29,Forward,1657,31,819,559,279,16,15,0,5,2,0,2,0,0,2016-02-07 22:20:36,2019-09-28 21:36:05
30,Midfielder,2085,26,839,831,415,13,13,0,3,3,0,2,0,0,2016-05-27 20:18:57,2019-05-15 14:38:49
25,Midfielder,2008,24,597,941,470,11,13,0,0,0,0,3,1,0,2016-11-21 05:05:55,2018-12-06 00:16:21
24,Defender,767,10,370,265,132,5,5,0,0,0,0,1,0,0,2016-01-27 19:36:53,2020-05-01 07:55:19
25,Midfielder,657,17,531,84,42,11,6,0,1,0,0,5,0,0,2016-11-16 14:02:59,2019-09-30 05:49:13
27,Defender,4054,38,1609,1630,815,19,19,0,0,0,0,4,0,0,2017-11-06 06:33:02,2021-05-25 19:28:20
34,Midfielder,1919,20,536,922,461,8,12,0,0,0,0,2,0,0,2015-08-19 19:00:00,2020-07-06 17:27:36
31,Forward,579,11,279,200,100,6,5,0,0,2,0,2,0,0,2015-02-22 10:49:17,2018-07-07 16:05:33
29,Midfielder,3766,40,1581,1457,728,20,20,0,2,4,0,1,0,0,2017-02-12 00:59:42,2019-04-21 03:27:52
32,Forward,616,14,190,284,142,7,7,0,0,0,0,2,0,0,2015-05-09 08:30:13,2021-12-12 12:31:26
20,Midfielder,50,4,35,10,5,3,1,0,0,0,0,0,0,0,2014-09-08 00:39:06,2020-12-29 18:28:49
32,Defender,2352,26,966,924,462,13,13,0,1,0,0,2,0,0,2016-01-16 16:19:49,2018-04-22 01:18:03
25,Goalkeeper,1375,14,550,550,275,7,7,0,0,0,0,0,0,0,2016-01-22 12:30:09,2021-01-29 16:35:15
21,Defender,25,2,10,10,5,1,1,0,0,0,0,0,0,0,2015-12-21 20:01:31,2019-07-24 23:14:50
29,Midfielder,2282,32,992,860,430,17,15,0,1,1,0,5,1,0,2017-08-01 19:57:25,2021-09-07 18:48:17
25,Forward,2088,29,753,890,445,12,17,1,4,6,0,2,0,1,2014-03-12 18:22:43,2019-05-01 12:52:15
26,Defender,31,3,10,14,7,1,2,0,0,0,0,0,0,0,2017-08-26 18:51:04,2020-10-30 01:54:03
28,Defender,3661,35,1360,1534,767,16,19,0,1,0,0,7,0,0,2014-10-02 13:42:34,2020-08-28 23:19:32
35,Defender,626,8,206,280,140,4,4,0,0,0,0,2,0,0,2015-03-24 07:44:26,2019-04-21 20:20:46
22,Goalkeeper,25,2,10,10,5,1,1,0,0,0,0,0,0,0,2017-12-28 22:02:20,2019-10-24 11:09:26
31,Midfielder,2816,30,1250,1044,522,15,15,0,1,0,0,5,0,0,2016-08-12 02:15:40,2021-07-23 19:36:47
27,Defender,2248,25,832,944,472,12,13,0,0,0,0,2,0,0,2014-02-23 19:32:05,2020-08-14 19:15:14
41,Goalkeeper,1375,14,550,550,275,7,7,0,0,0,0,2,0,0,2016-06-23 07:33:35,2019-12-25 11:01:25
31,Forward,2971,39,1317,1103,551,20,19,2,6,6,0,8,0,2,2014-08-31 23:30:49,2019-09-27 09:01:16
31,Midfielder,3493,36,1540,1302,651,19,17,0,0,2,0,5,0,0,2017-06-23 04:06:24,2021-04-28 00:03:06
35,Midfielder,3273,32,1217,1371,685,15,17,0,1,1,0,10,1,0,2016-07-23 02:01:20,2018-10-22 09:16:17
33,Goalkeeper,2725,26,1090,1090,545,13,13,0,0,0,0,0,0,0,2016-12-10 02:07:12,2020-04-19 05:02:40
26,Defender,3847,37,1536,1541,770,18,19,0,0,3,0,3,0,0,2016-06-05 03:41:11,2018-09-20 00:42:06
27,Forward,3655,39,1536,1413,706,20,19,0,9,3,0,2,0,0,2016-02-25 06:15:03,2019-09-11 08:49:24
32,Midfielder,58,6,18,27,13,4,2,0,0,0,0,0,0,0,2017-12-28 07:55:41,2021-07-28 21:25:18
0,Midfielder,32,3,17,10,5,2,1,0,0,0,0,0,0,0,2016-05-12 13:43:33,2019-12-02 07:27:44
24,Defender,4075,38,1630,1630,815,19,19,0,0,0,0,4,0,0,2016-07-30 07:00:21,2021-11-29 09:54:24
27,Defender,2325,29,926,933,466,14,15,0,0,0,0,2,0,0,2015-07-04 18:12:35,2019-12-14 02:48:26
37,Goalkeeper,4300,40,1720,1720,860,20,20,0,0,0,0,1,0,0,2016-06-03 14:42:13,2019-07-08 18:23:59
28,Defender,88,3,73,10,5,2,1,0,1,0,0,1,0,0,2017-07-27 18:27:18,2021-03-21 01:37:42
33,Goalkeeper,713,9,293,280,140,5,4,0,0,0,0,0,0,0,2014-01-26 18:42:17,2021-03-17 16:35:11
31,Defender,4300,40,1720,1720,860,20,20,0,0,0,0,9,0,0,2014-09-28 15:06:08,2018-02-02 03:11:23
23,Defender,25,2,10,10,5,1,1,0,0,0,0,0,0,0,2016-08-14 17:10:37,2018-02-18 04:03:02
21,Defender,64,4,10,36,18,1,3,0,0,0,0,0,0,0,2015-08-11 06:33:02,2018-01-11 16:06:33
21,Forward,119,3,10,73,36,1,2,0,0,0,0,0,0,0,2016-12-22 06:21:39,2018-07-10 14:17:05
26,Defender,1150,12,460,460,230,6,6,0,0,0,0,1,0,0,2015-01-09 06:45:34,2019-04-24 20:29:22
32,Midfielder,1179,20,504,450,225,10,10,0,0,1,0,4,0,0,2014-11-11 16:12:05,2021-05-07 22:27:19
28,Midfielder,2737,36,970,1178,589,17,19,0,0,1,0,5,0,0,2015-02-16 09:02:05,2021-05-07 16:44:54
25,Defender,2155,24,1000,770,385,12,12,0,0,0,0,4,0,0,2016-03-03 01:27:20,2019-09-27 00:53:47
26,Midfielder,3569,38,1480,1393,696,19,19,0,2,5,0,3,0,0,2015-04-02 01:06:53,2021-09-12 00:10:31
29,Goalkeeper,3580,34,1405,1450,725,17,17,0,0,0,0,0,0,0,2014-01-28 12:28:54,2020-07-27 15:51:42
28,Midfielder,1795,29,735,707,353,12,17,1,4,1,0,0,0,1,2014-08-14 17:25:09,2020-11-26 00:05:48
37,Goalkeeper,25,2,10,10,5,1,1,0,0,0,0,0,0,0,2017-08-02 00:30:52,2020-12-28 16:02:14
23,Forward,25,2,10,10,5,1,1,0,0,0,0,0,0,0,2014-06-08 00:53:33,2019-07-15 03:33:13
32,Defender,4232,40,1720,1675,837,20,20,0,0,0,0,0,0,0,2014-10-05 16:51:07,2021-05-13 09:36:00
40,Defender,1462,16,544,612,306,7,9,0,0,0,0,2,0,0,2016-04-13 03:19:15,2020-05-25 05:40:00
24,Defender,486,8,201,190,95,5,3,0,0,0,0,1,0,0,2015-06-25 06:28:14,2018-02-22 17:59:17
20,Midfielder,478,12,277,134,67,7,5,0,0,0,0,0,0,0,2015-03-03 05:46:17,2019-12-07 13:37:07
26,Defender,2507,29,1034,982,491,15,14,0,3,1,0,4,0,0,2017-08-08 04:35:07,2021-04-16 16:25:55
23,Forward,25,2,10,10,5,1,1,0,0,0,0,0,0,0,2016-12-19 21:04:28,2021-09-27 03:23:05
22,Midfielder,187,5,16,114,57,2,3,0,0,0,0,0,0,0,2016-12-10 08:25:56,2020-09-05 00:40:25
29,Forward,3165,32,1334,1221,610,16,16,1,5,9,1,3,0,2,2017-06-13 23:20:17,2018-12-20 15:55:04
26,Defender,3176,33,1468,1139,569,18,15,0,2,0,0,9,0,0,2015-07-25 18:14:02,2019-10-15 18:09:21
21,Defender,25,2,10,10,5,1,1,0,0,0,0,0,0,0,2015-08-21 23:14:02,2020-09-02 07:32:35
29,Defender,191,5,176,10,5,4,1,0,0,0,0,0,0,0,2017-02-25 00:15:55,2019-06-15 01:01:01
35,Midfielder,325,9,130,130,65,5,4,0,0,0,0,0,0,0,2014-01-16 21:51:12,2019-08-08 03:09:39
29,Defender,1940,20,661,853,426,9,11,0,1,0,0,4,0,0,2015-01-27 11:56:18,2020-02-19 17:49:06
29,Forward,1332,27,546,524,262,14,13,0,2,1,0,3,0,0,2015-12-14 17:55:05,2020-05-24 17:39:59
31,Defender,4283,40,1703,1720,860,20,20,0,0,1,0,4,0,0,2014-10-24 07:33:30,2018-05-17 22:38:42
33,Midfielder,251,8,83,112,56,5,3,0,0,0,0,1,0,0,2016-12-29 00:01:41,2020-06-10 03:19:27
31,Forward,1268,27,464,536,268,14,13,0,1,1,1,1,0,1,2016-12-05 14:25:15,2021-05-30 02:41:34
34,Defender,1998,23,813,790,395,12,11,0,1,0,0,4,0,0,2014-01-30 12:16:17,2021-10-18 18:57:18
27,Defender,4067,40,1646,1614,807,20,20,0,0,0,0,2,0,0,2017-04-09 15:30:04,2020-09-27 05:07:48
31,Midfielder,2438,33,875,1042,521,15,18,0,0,0,0,3,0,0,2016-05-24 22:29:52,2021-11-04 22:34:32
31,Defender,2643,31,942,1134,567,16,15,0,0,0,0,2,0,0,2015-07-15 02:07:44,2021-05-28 16:51:45
23,Defender,1080,15,446,423,211,7,8,0,0,0,0,1,0,0,2017-08-27 01:47:18,2021-02-23 11:19:25
31,Defender,2648,26,1148,1000,500,14,12,0,0,1,0,1,0,0,2014-12-28 11:55:05,2018-02-23 03:48:15
29,Forward,3233,40,1340,1262,631,20,20,0,4,6,0,2,0,0,2015-04-09 13:45:56,2021-04-15 22:46:44
29,Midfielder,1900,30,720,787,393,14,16,0,1,0,0,2,0,0,2014-01-29 12:12:37,2018-03-19 10:22:29
30,Forward,981,18,536,297,148,11,7,0,0,1,0,1,0,0,2017-03-02 09:35:29,2019-11-05 19:39:11
29,Midfielder,3454,37,1467,1325,662,19,18,0,6,2,0,3,0,0,2015-07-03 03:13:04,2018-12-09 22:30:40
34,Defender,289,5,100,126,63,2,3,0,0,0,0,0,0,0,2015-12-16 12:55:15,2020-03-03 18:26:37
30,Defender,1927,23,967,640,320,15,8,0,0,0,0,4,1,0,2017-05-26 13:57:27,2020-08-28 19:06:03
30,Defender,4097,39,1652,1630,815,20,19,0,0,1,0,6,1,0,2017-10-17 07:04:22,2021-04-29 20:45:27
31,Defender,1102,13,426,451,225,7,6,0,1,2,0,1,0,0,2014-02-09 15:49:15,2018-11-16 12:19:34
37,Goalkeeper,25,2,10,10,5,1,1,0,0,0,0,0,0,0,2015-10-30 18:00:39,2021-10-05 02:23:04
29,Forward,76,4,19,38,19,2,2,0,0,0,0,0,0,0,2017-08-13 18:01:06,2021-03-22 17:54:17
28,Forward,92,8,59,22,11,4,4,0,0,0,0,0,0,0,2014-07-31 07:52:23,2018-12-22 03:26:40
28,Midfielder,4300,40,1720,1720,860,20,20,0,0,0,0,5,0,0,2016-07-20 19:33:31,2020-03-10 11:35:09
21,Midfielder,25,2,10,10,5,1,1,0,0,0,0,0,0,0,2015-11-01 02:23:04,2019-10-16 20:40:17
32,Defender,3893,38,1571,1548,774,19,19,0,1,2,0,2,0,0,2017-12-26 07:14:44,2019-10-02 05:20:41
20,Midfielder,25,2,10,10,5,1,1,0,0,0,0,0,0,0,2015-08-30 10:40:32,2021-04-15 06:16:35
28,Defender,2413,30,1063,900,450,16,14,0,0,0,0,7,0,0,2016-08-28 15:22:10,2019-12-12 11:26:09
31,Midfielder,3160,32,1201,1306,653,15,17,0,0,1,0,7,1,0,2016-09-06 15:42:12,2019-04-16 20:38:34
28,Goalkeeper,25,2,10,10,5,1,1,0,0,0,0,0,0,0,2015-04-24 13:19:57,2019-09-26 10:17:15
28,Defender,25,2,10,10,5,1,1,0,0,0,0,0,0,0,2017-02-16 15:54:49,2019-09-20 04:11:57
31,Midfielder,2175,27,921,836,418,14,13,0,0,2,0,8,0,0,2015-06-30 00:25:27,2020-05-01 04:22:26
26,Midfielder,831,11,317,343,171,6,5,0,0,0,0,2,0,0,2014-05-10 17:43:08,2018-03-21 02:31:32
31,Forward,693,20,162,354,177,10,10,0,1,1,0,1,0,0,2016-10-21 09:06:51,2020-09-11 03:25:55
28,Forward,2066,26,932,756,378,14,12,3,3,4,0,1,0,3,2014-04-21 21:26:17,2020-07-14 06:55:01
32,Midfielder,158,7,23,90,45,2,5,0,0,0,0,1,0,0,2014-05-08 06:58:53,2019-06-30 00:57:56
29,Defender,1009,13,460,366,183,6,7,0,0,1,0,1,0,0,2015-04-30 22:08:37,2019-12-06 23:32:02
31,Midfielder,25,2,10,10,5,1,1,0,0,0,0,0,0,0,2015-10-23 13:44:46,2021-10-31 23:16:02
30,Defender,2249,28,979,847,423,14,14,0,0,0,0,5,0,0,2015-09-12 14:20:44,2020-07-27 09:14:30
34,Defender,448,8,36,275,137,3,5,0,0,0,0,0,0,0,2014-09-20 02:12:37,2021-09-18 01:50:42
27,Goalkeeper,25,2,10,10,5,1,1,0,0,0,0,0,0,0,2017-02-04 22:37:09,2019-10-14 05:58:10
30,Forward,562,16,256,204,102,7,9,0,1,0,0,0,0,0,2014-04-08 11:54:09,2020-08-02 22:00:40
30,Forward,222,10,57,110,55,5,5,0,1,0,0,0,0,0,2015-02-01 13:00:35,2019-02-28 15:51:58
31,Defender,1888,20,846,695,347,11,9,0,0,0,0,3,0,0,2016-04-15 23:41:07,2020-12-13 23:39:35
23,Forward,2797,32,1299,999,499,18,14,0,4,3,0,3,0,0,2017-12-01 13:05:34,2018-10-22 23:56:02
32,Goalkeeper,475,6,190,190,95,3,3,0,0,0,0,0,0,0,2014-05-16 09:07:47,2018-11-07 10:55:28
30,Goalkeeper,4300,40,1720,1720,860,20,20,0,0,0,0,1,0,0,2017-10-29 08:56:27,2019-11-18 17:32:34
30,Forward,2734,34,1018,1144,572,18,16,0,2,1,0,4,0,0,2016-07-15 07:33:05,2019-06-08 16:29:16
33,Defender,4029,38,1719,1540,770,20,18,0,3,0,0,3,0,0,2016-05-20 22:33:46,2019-02-05 06:58:13
35,Midfielder,3097,35,1098,1333,666,17,18,0,4,2,0,3,0,0,2016-11-12 11:52:24,2020-09-18 23:37:29
28,Defender,195,6,45,100,50,4,2,0,0,0,0,0,0,0,2016-05-20 07:04:13,2020-03-13 08:17:09
24,Defender,2503,25,883,1080,540,11,14,0,1,0,0,2,0,0,2014-09-25 17:41:41,2021-07-09 05:13:22
29,Midfielder,3166,32,1381,1190,595,17,15,0,0,1,0,2,0,0,2014-03-17 11:12:08,2021-12-07 06:33:11
27,Defender,3081,31,1323,1172,586,17,14,0,0,1,0,7,1,0,2017-12-02 21:13:48,2019-06-03 10:04:06
22,Midfielder,3812,36,1450,1575,787,17,19,0,2,0,0,4,0,0,2015-05-23 00:33:03,2021-10-19 11:50:10
31,Defender,1232,15,550,455,227,8,7,0,1,0,0,1,0,0,2014-02-08 01:22:49,2019-03-08 08:39:25
24,Midfielder,2388,27,765,1082,541,12,15,0,1,4,0,4,0,0,2015-08-13 11:48:21,2020-11-02 23:27:29
24,Midfielder,2478,36,1079,933,466,18,18,0,1,3,0,2,0,0,2016-10-31 13:28:33,2018-03-04 09:38:00
22,Defender,71,3,56,10,5,2,1,0,0,0,0,0,0,0,2017-06-02 03:47:01,2019-12-28 17:49:40
32,Defender,3338,33,1163,1450,725,16,17,0,0,0,0,4,0,0,2015-07-31 11:29:36,2021-06-02 07:15:54
27,Midfielder,111,6,39,48,24,3,3,0,0,0,0,0,0,0,2015-07-18 19:28:16,2019-11-03 21:43:28
28,Defender,861,14,158,469,234,5,9,0,0,0,0,1,0,0,2015-05-31 01:53:54,2021-03-02 08:38:26
24,Midfielder,2976,35,1220,1171,585,17,18,0,7,2,0,11,0,0,2016-11-13 20:29:45,2018-06-13 11:50:18
25,Forward,486,14,186,200,100,6,8,0,2,1,0,0,0,0,2017-05-27 04:56:24,2018-10-29 23:27:09
21,Midfielder,419,10,227,128,64,6,4,0,1,0,0,0,0,0,2016-06-09 02:02:17,2020-03-26 04:54:48
24,Forward,2174,37,1033,761,380,19,18,0,3,3,0,3,0,0,2017-01-16 04:19:49,2019-02-17 20:08:41
23,Forward,454,12,175,186,93,5,7,0,0,0,0,0,0,0,2014-05-11 22:17:52,2018-01-08 17:57:46
21,Forward,1953,23,951,668,334,13,10,0,3,0,0,2,0,0,2015-05-09 07:49:14,2018-04-06 15:57:58
30,Midfielder,3650,39,1537,1409,704,20,19,4,11,5,0,2,0,4,2015-10-08 16:39:12,2021-06-29 09:43:36
27,Goalkeeper,4300,40,1720,1720,860,20,20,0,0,0,0,2,0,0,2014-06-01 19:32:20,2019-12-31 19:47:56
21,Forward,116,7,14,68,34,2,5,0,0,1,0,0,0,0,2015-06-11 05:36:38,2021-02-16 10:42:29
28,Forward,1491,22,621,580,290,10,12,0,0,0,0,2,0,0,2015-05-22 11:44:56,2020-07-04 10:31:08
25,Midfielder,80,3,10,47,23,1,2,0,0,0,0,0,0,0,2016-04-01 02:40:05,2021-11-25 06:16:21
26,Defender,835,12,370,310,155,5,7,0,0,0,0,0,0,0,2017-06-16 06:04:06,2019-12-16 14:59:00
20,Midfielder,25,2,10,10,5,1,1,0,0,0,0,0,0,0,2014-12-15 09:50:13,2019-11-03 06:48:46
26,Defender,806,14,359,298,149,6,8,0,0,0,0,1,1,0,2016-08-16 01:04:57,2020-09-02 16:23:42
27,Midfielder,1953,22,684,846,423,10,12,0,2,1,0,4,0,0,2016-02-02 04:27:23,2019-07-29 08:30:47
28,Defender,2668,30,879,1193,596,14,16,0,0,0,0,0,0,0,2016-08-26 15:40:38,2021-12-03 16:48:08
29,Midfielder,1235,21,503,488,244,12,9,0,1,3,0,2,0,0,2014-06-25 23:22:26,2018-03-20 07:24:12
20,Midfielder,25,2,10,10,5,1,1,0,0,0,0,0,0,0,2016-11-30 09:41:00,2020-06-11 13:32:59
32,Midfielder,3686,35,1528,1439,719,18,17,0,0,1,0,15,1,0,2014-11-06 17:36:43,2018-08-18 04:02:35
29,Defender,2579,25,944,1090,545,12,13,0,0,1,0,2,0,0,2016-12-12 06:46:30,2019-04-15 05:59:03
31,Midfielder,979,13,276,469,234,6,7,0,0,0,0,2,1,0,2015-07-03 12:16:04,2018-11-18 04:58:45
29,Defender,2441,26,1183,839,419,15,11,0,3,1,0,12,0,0,2016-08-14 13:20:46,2018-10-14 10:32:19
27,Midfielder,2519,30,1061,972,486,15,15,0,1,0,0,6,0,0,2014-10-20 19:40:04,2021-08-10 21:08:42
33,Goalkeeper,250,4,100,100,50,2,2,0,0,0,0,0,0,0,2017-01-15 11:35:25,2019-10-27 20:49:35
31,Defender,236,7,221,10,5,6,1,0,0,0,0,2,0,0,2017-03-22 05:39:25,2021-01-11 13:42:46
32,Defender,1947,21,617,887,443,9,12,0,0,0,0,2,0,0,2017-10-28 08:16:27,2021-11-10 18:22:28
27,Midfielder,3886,38,1449,1625,812,18,20,0,4,5,0,3,0,0,2015-03-31 17:14:37,2018-10-13 04:46:29
36,Forward,795,22,518,185,92,12,10,0,1,0,0,2,0,0,2017-08-24 16:07:06,2019-10-04 07:27:56
35,Midfielder,2953,31,1296,1105,552,16,15,0,1,0,0,5,0,0,2017-08-30 11:20:17,2021-09-30 04:33:45
26,Defender,2279,26,1021,839,419,13,13,0,0,0,0,1,0,0,2017-11-04 17:55:51,2018-03-07 18:31:41
29,Defender,1350,14,525,550,275,7,7,0,0,0,0,0,0,0,2017-05-01 09:52:54,2018-11-02 18:09:24
27,Forward,1128,25,426,468,234,13,12,0,2,1,0,5,0,0,2017-07-24 23:12:17,2019-04-08 23:23:34
32,Midfielder,574,18,306,179,89,8,10,0,0,1,0,0,0,0,2017-05-28 20:23:41,2019-03-19 15:03:08
25,Midfielder,107,3,10,65,32,1,2,0,0,0,0,0,0,0,2015-04-10 23:39:42,2020-11-22 23:03:22
30,Midfielder,2587,31,1021,1044,522,15,16,0,1,0,0,1,0,0,2016-12-17 07:45:54,2018-04-18 08:06:21
33,Goalkeeper,160,3,10,100,50,1,2,0,0,0,0,0,0,0,2015-01-02 22:58:47,2018-05-15 22:28:52
24,Goalkeeper,25,2,10,10,5,1,1,0,0,0,0,0,0,0,2017-08-16 07:14:16,2020-05-11 00:56:20
28,Midfielder,1304,19,587,478,239,10,9,0,1,0,0,2,0,0,2016-09-19 13:44:29,2019-07-13 09:32:31
24,Forward,1202,31,712,327,163,15,16,1,5,2,0,1,0,1,2014-08-06 11:13:27,2021-07-01 16:52:37
32,Defender,2372,24,730,1095,547,9,15,0,0,0,0,0,0,0,2015-09-30 11:45:00,2020-01-06 03:16:16
35,Defender,57,4,11,31,15,2,2,0,0,0,0,0,0,0,2014-05-08 09:35:55,2021-03-18 15:35:52
30,Forward,64,7,27,25,12,4,3,0,0,0,0,0,0,0,2014-04-08 04:12:39,2020-01-20 16:57:17
22,Midfielder,25,2,10,10,5,1,1,0,0,0,0,0,0,0,2017-05-21 19:09:21,2018-01-25 03:09:04
26,Forward,31,3,10,14,7,1,2,0,0,0,0,0,0,0,2015-01-22 22:20:35,2020-11-05 06:09:44
30,Midfielder,3421,37,1423,1332,666,19,18,0,1,2,0,3,0,0,2017-12-11 04:31:38,2021-09-26 14:46:23
27,Forward,2673,32,959,1143,571,15,17,0,3,7,0,3,0,0,2016-07-10 17:29:46,2021-07-22 08:32:30
37,Forward,3103,40,1393,1140,570,20,20,4,8,5,0,5,0,4,2015-05-29 22:44:22,2021-12-02 16:07:43
33,Forward,1415,16,506,606,303,7,9,0,4,1,0,0,0,0,2017-11-21 07:27:00,2019-04-18 12:55:33
22,Midfielder,768,19,336,288,144,10,9,0,0,0,0,0,0,0,2016-05-17 00:37:52,2019-06-09 12:41:15
28,Midfielder,3119,31,1327,1195,597,16,15,0,2,2,0,10,0,0,2016-04-05 19:44:07,2018-05-04 10:04:59
30,Defender,745,9,460,190,95,6,3,0,0,0,0,3,0,0,2017-11-29 08:09:09,2019-08-31 18:26:15
31,Midfielder,3925,40,1612,1542,771,20,20,2,7,6,3,3,0,5,2016-09-23 21:05:49,2019-04-25 06:08:47
23,Midfielder,765,11,318,298,149,5,6,0,0,0,0,0,0,0,2014-03-12 05:58:08,2021-10-07 08:43:04
31,Midfielder,2444,27,1196,832,416,15,12,0,0,0,0,10,0,0,2014-04-26 14:02:11,2019-11-06 19:44:38
27,Forward,3132,30,1076,1371,685,13,17,4,6,11,0,5,0,4,2017-08-12 15:43:31,2021-03-29 01:44:53
28,Defender,3248,33,1360,1259,629,16,17,0,0,3,0,7,1,0,2017-03-17 00:07:50,2018-01-14 14:10:27
25,Midfielder,1995,28,842,769,384,14,14,0,0,1,0,4,0,0,2014-12-31 07:16:42,2021-12-14 02:14:50
0,Forward,44,4,26,12,6,2,2,0,0,0,0,0,0,0,2015-05-25 07:00:24,2018-11-22 09:20:07
23,Midfielder,1235,18,611,416,208,10,8,0,0,1,0,0,0,0,2015-07-11 19:11:07,2020-02-03 06:34:36
30,Midfielder,521,7,100,281,140,2,5,0,0,0,0,0,0,0,2016-04-25 05:49:39,2018-01-24 13:18:15
26,Defender,1886,21,892,663,331,11,10,0,0,0,0,3,0,0,2016-03-29 04:21:02,2021-01-07 19:29:45
27,Midfielder,1714,27,667,698,349,12,15,0,0,1,0,3,0,0,2016-05-19 03:36:59,2018-05-24 16:17:38
32,Midfielder,2164,27,660,1003,501,12,15,0,3,3,0,1,0,0,2014-10-22 19:20:07,2018-03-31 11:18:04
28,Forward,2516,33,1171,897,448,17,16,0,8,4,0,3,1,0,2014-04-04 02:03:20,2018-02-25 09:00:50
40,Goalkeeper,25,2,10,10,5,1,1,0,0,0,0,0,0,0,2014-07-08 12:47:08,2020-10-22 09:18:54
34,Goalkeeper,3670,35,1630,1360,680,19,16,0,0,0,0,0,0,0,2016-01-20 13:22:04,2019-08-23 12:41:05
27,Midfielder,151,5,19,88,44,2,3,0,0,0,0,0,0,0,2014-06-13 17:17:02,2018-10-30 19:08:34
31,Midfielder,3559,35,1417,1428,714,17,18,0,0,0,0,6,0,0,2015-02-12 14:01:10,2019-09-06 18:21:38
30,Midfielder,2735,33,995,1160,580,16,17,0,4,2,0,3,0,0,2015-02-07 19:50:45,2018-02-17 23:14:23
25,Forward,1350,32,471,586,293,16,16,0,1,0,0,4,0,0,2017-01-20 04:09:06,2019-01-17 09:00:29
26,Midfielder,2402,27,914,992,496,12,15,0,0,1,0,4,1,0,2014-09-21 07:05:35,2018-09-13 14:19:23
25,Forward,1202,24,599,402,201,14,10,0,1,0,0,1,0,0,2017-10-25 06:44:03,2018-02-13 21:04:29
24,Defender,3715,35,1540,1450,725,18,17,0,1,0,0,4,0,0,2016-01-27 19:40:23,2018-01-22 15:27:15
27,Forward,884,25,341,362,181,14,11,0,2,1,0,1,0,0,2015-01-29 12:23:51,2019-01-23 13:20:10
31,Midfielder,4148,39,1703,1630,815,20,19,0,1,0,0,6,0,0,2014-11-11 13:29:16,2019-03-15 07:42:16
24,Defender,509,8,250,173,86,4,4,0,0,0,0,0,0,0,2014-09-05 01:55:00,2021-09-26 20:51:27
27,Defender,2162,26,826,891,445,11,15,0,1,0,0,4,0,0,2017-04-10 08:30:47,2020-09-28 17:13:10
29,Midfielder,518,10,191,218,109,5,5,0,0,0,0,2,0,0,2017-08-17 21:40:16,2018-08-01 10:28:02
26,Midfielder,391,11,177,143,71,4,7,0,0,0,0,0,0,0,2015-01-03 07:25:02,2019-07-05 03:56:10
24,Defender,25,2,10,10,5,1,1,0,0,0,0,0,0,0,2017-09-09 19:34:52,2019-08-18 23:26:12
27,Defender,3493,34,1318,1450,725,17,17,0,0,0,0,4,0,0,2014-02-24 06:26:16,2018-12-10 06:08:05
20,Defender,25,3,10,10,5,1,2,0,0,0,0,0,0,0,2014-04-05 18:46:37,2020-10-08 02:03:06
24,Midfielder,3532,38,1545,1325,662,19,19,1,3,4,1,5,1,2,2015-03-29 02:05:50,2021-09-04 03:24:48
33,Midfielder,3878,40,1516,1575,787,20,20,0,1,2,0,7,0,0,2017-01-19 11:07:52,2021-07-13 10:49:26
30,Midfielder,39,3,24,10,5,2,1,0,0,0,0,0,0,0,2015-02-05 07:45:03,2019-07-19 00:19:21
35,Midfielder,2379,33,656,1149,574,13,20,3,0,5,0,7,1,3,2017-01-18 18:35:18,2018-04-19 15:53:07
28,Defender,3845,37,1630,1477,738,19,18,0,2,1,0,8,0,0,2017-02-11 04:09:23,2018-11-20 01:50:11
32,Defender,3299,31,1150,1433,716,14,17,0,0,1,0,6,0,0,2015-07-01 15:42:54,2018-09-27 17:25:32
26,Midfielder,2467,28,952,1010,505,14,14,1,5,2,0,4,0,1,2014-11-03 17:11:42,2021-11-13 12:06:31
25,Defender,25,2,10,10,5,1,1,0,0,0,0,0,0,0,2017-03-26 10:12:58,2019-11-20 07:48:01
34,Forward,3418,36,1428,1327,663,18,18,4,8,10,1,4,1,5,2014-07-04 03:54:22,2019-09-01 17:01:14
24,Defender,2688,27,1136,1035,517,14,13,0,0,0,0,7,0,0,2016-10-08 09:58:36,2019-03-15 13:12:31
33,Defender,2455,24,894,1041,520,11,13,0,0,1,0,5,1,0,2016-10-07 17:03:44,2020-01-02 03:16:24
28,Defender,2505,25,1140,910,455,14,11,0,0,0,0,2,0,0,2014-04-05 16:35:48,2021-03-27 17:14:18
34,Midfielder,487,13,258,153,76,7,6,0,0,0,0,1,0,0,2017-07-04 19:29:30,2021-06-26 12:03:19
30,Goalkeeper,25,2,10,10,5,1,1,0,0,0,0,0,0,0,2016-01-16 09:07:13,2019-12-28 18:17:28
32,Forward,1680,27,704,651,325,14,13,0,5,2,0,2,0,0,2016-05-02 19:22:34,2020-05-30 17:32:05
26,Defender,1419,20,513,604,302,10,10,0,0,0,0,2,0,0,2015-05-08 08:52:33,2018-01-16 15:31:08
21,Midfielder,25,2,10,10,5,1,1,0,0,0,0,0,0,0,2016-02-14 20:21:34,2021-12-20 16:24:56
29,Defender,191,6,62,86,43,3,3,0,0,0,0,0,0,0,2015-11-21 00:05:40,2019-01-29 23:01:28
29,Midfielder,2847,34,1122,1150,575,16,18,0,1,0,0,6,0,0,2016-04-09 10:48:16,2020-11-10 07:36:31
29,Midfielder,2679,34,908,1181,590,16,18,0,1,2,0,4,0,0,2017-03-02 21:22:59,2019-09-07 03:06:24
26,Midfielder,3132,32,1329,1202,601,16,16,0,0,2,0,12,0,0,2015-02-18 16:01:51,2018-08-14 20:37:01
28,Defender,2098,32,859,826,413,15,17,0,1,3,0,1,0,0,2014-06-30 17:26:10,2021-03-19 14:25:02
38,Forward,56,6,10,31,15,2,4,0,0,0,0,0,0,0,2017-09-02 08:28:30,2021-03-19 07:34:23
28,Midfielder,2045,29,973,715,357,16,13,1,1,3,0,3,0,1,2015-09-19 15:26:35,2020-05-15 11:03:31
34,Midfielder,3819,40,1542,1518,759,20,20,0,0,1,0,4,0,0,2016-01-31 15:30:27,2019-01-15 08:43:09
31,Defender,3415,32,1152,1509,754,14,18,0,0,0,0,5,0,0,2016-12-23 14:24:56,2021-02-09 21:49:30
27,Defender,2943,30,1224,1146,573,16,14,0,0,0,0,5,0,0,2014-08-13 20:32:54,2018-03-14 10:05:09
23,Goalkeeper,25,2,10,10,5,1,1,0,0,0,0,0,0,0,2015-04-29 11:20:58,2021-05-20 11:13:19
23,Defender,1368,18,503,577,288,9,9,0,0,0,0,2,0,0,2015-08-26 19:20:24,2018-11-05 05:11:45
33,Goalkeeper,2185,21,820,910,455,10,11,0,0,0,0,0,0,0,2015-02-12 07:05:30,2019-04-02 02:44:01
22,Forward,25,2,10,10,5,1,1,0,0,0,0,0,0,0,2017-02-02 18:20:58,2020-11-30 11:22:15
27,Midfielder,2540,30,857,1122,561,16,14,0,0,0,1,5,1,1,2016-08-26 14:46:10,2020-07-01 04:07:41
25,Goalkeeper,160,3,10,100,50,1,2,0,0,0,0,0,0,0,2014-06-13 18:24:29,2018-07-27 05:59:33
29,Defender,1917,24,821,731,365,11,13,0,1,0,0,3,0,0,2015-04-06 09:55:44,2018-03-27 05:57:01
31,Defender,756,9,201,370,185,4,5,0,1,0,0,1,0,0,2017-02-04 07:33:21,2020-07-18 06:26:21
30,Midfielder,2223,31,857,911,455,16,15,0,0,3,0,2,0,0,2015-12-23 05:28:01,2021-12-12 08:13:05
34,Goalkeeper,115,3,100,10,5,2,1,0,0,0,0,0,0,0,2017-12-19 12:02:22,2019-10-13 20:58:22
26,Defender,2184,26,978,804,402,13,13,0,0,0,0,1,0,0,2017-10-21 13:16:29,2020-12-06 01:06:33
25,Defender,993,13,228,510,255,4,9,0,0,1,0,2,0,0,2016-10-10 00:14:54,2020-01-19 00:04:20
32,Goalkeeper,3477,33,1437,1360,680,17,16,0,0,0,0,1,0,0,2014-05-18 00:06:20,2019-02-10 09:50:10
32,Midfielder,2943,31,1304,1093,546,17,14,0,0,0,0,9,1,0,2016-02-12 16:45:04,2018-04-30 16:23:31
37,Forward,25,2,10,10,5,1,1,0,0,0,0,0,0,0,2014-01-04 05:43:13,2018-05-19 14:35:08
29,Midfielder,1239,18,413,551,275,9,9,0,0,1,0,1,0,0,2015-03-14 15:56:16,2020-10-21 00:39:20
24,Defender,1003,12,423,387,193,6,6,0,0,0,0,1,0,0,2014-12-18 01:18:00,2019-02-08 02:24:11
27,Defender,3560,35,1279,1521,760,17,18,0,1,0,0,6,0,0,2016-03-02 11:01:42,2018-02-06 16:53:19
33,Defender,2480,26,1084,931,465,13,13,0,1,0,0,2,0,0,2014-07-24 20:58:47,2019-03-30 09:30:46
29,Forward,1496,22,626,580,290,9,13,0,0,1,0,3,0,0,2015-07-22 19:27:10,2019-08-03 17:20:32
30,Midfielder,2537,34,935,1068,534,17,17,0,0,1,0,3,1,0,2015-01-18 14:33:43,2018-08-25 21:21:39
27,Goalkeeper,4300,40,1720,1720,860,20,20,0,0,0,0,1,0,0,2016-01-19 03:19:39,2020-07-23 18:59:54
25,Midfielder,1050,21,344,471,235,11,10,0,0,1,0,1,0,0,2016-05-23 08:18:09,2019-11-27 19:56:52
29,Midfielder,3962,39,1631,1554,777,20,19,1,0,2,0,8,0,1,2016-02-04 09:19:36,2020-06-06 03:59:38
22,Defender,1285,18,535,500,250,8,10,0,0,0,0,3,0,0,2014-10-04 09:10:27,2018-06-11 08:28:50
36,Defender,3004,30,1234,1180,590,16,14,0,2,1,0,13,1,0,2014-11-02 07:11:22,2019-07-15 15:16:30
28,Forward,1033,17,375,439,219,9,8,0,0,0,0,1,0,0,2014-03-13 03:07:08,2020-11-02 09:34:06
31,Forward,750,18,318,288,144,10,8,0,2,0,0,1,0,0,2014-02-08 14:20:47,2020-01-18 22:36:14
21,Midfielder,121,4,10,74,37,1,3,0,0,0,0,0,0,0,2015-10-20 18:17:56,2019-11-23 12:39:06
21,Midfielder,25,2,10,10,5,1,1,0,0,0,0,0,0,0,2015-03-03 07:24:39,2021-05-18 09:42:41
23,Defender,25,2,10,10,5,1,1,0,0,0,0,0,0,0,2014-11-09 18:15:25,2020-01-24 12:01:19
26,Forward,2201,31,1133,712,356,18,13,0,2,1,0,2,0,0,2014-08-25 02:45:24,2019-01-23 17:02:19
29,Forward,3704,37,1573,1421,710,19,18,5,9,3,1,3,0,6,2017-11-18 03:33:25,2019-12-16 13:20:56
24,Midfielder,269,9,149,80,40,5,4,0,0,0,0,0,0,0,2014-11-04 04:41:35,2021-02-28 03:11:55
23,Defender,1195,14,460,490,245,7,7,0,0,1,0,4,1,0,2014-06-30 20:47:38,2020-08-31 21:07:52
32,Midfielder,1549,24,843,471,235,14,10,0,3,0,0,3,0,0,2015-12-25 11:52:25,2020-09-25 16:00:32
41,Goalkeeper,160,3,10,100,50,1,2,0,0,0,0,0,0,0,2014-05-19 05:39:13,2019-01-11 06:46:52
23,Midfielder,1785,23,732,702,351,12,11,0,0,1,0,4,0,0,2014-06-22 00:20:38,2019-05-15 11:09:34
31,Midfielder,1286,25,569,478,239,13,12,1,1,1,0,1,0,1,2016-04-05 13:41:08,2018-09-14 12:24:34
27,Forward,1570,28,600,647,323,15,13,0,2,0,0,1,0,0,2017-01-20 01:25:15,2018-07-21 04:33:45
27,Midfielder,507,15,143,243,121,6,9,0,1,0,0,1,0,0,2015-01-01 04:36:37,2021-02-15 13:42:43
30,Goalkeeper,25,2,10,10,5,1,1,0,0,0,0,0,0,0,2015-02-04 12:28:02,2020-08-21 09:56:42
23,Forward,1170,15,341,553,276,7,8,0,2,2,0,0,0,0,2017-07-14 11:16:34,2021-01-12 18:45:35
34,Goalkeeper,4300,40,1720,1720,860,20,20,0,0,0,0,3,0,0,2016-04-25 04:00:52,2019-07-31 07:51:27
20,Midfielder,115,3,100,10,5,2,1,0,0,0,0,0,0,0,2015-10-15 00:34:36,2019-06-26 23:40:29
22,Forward,25,2,10,10,5,1,1,0,0,0,0,0,0,0,2017-08-15 20:22:08,2021-10-22 19:32:43
24,Forward,1210,32,418,528,264,15,17,0,1,0,0,2,0,0,2015-09-04 11:53:36,2018-07-03 08:09:56
21,Midfielder,25,2,10,10,5,1,1,0,0,0,0,0,0,0,2017-07-28 21:43:49,2020-01-01 10:21:01
27,Midfielder,1007,19,311,464,232,9,10,0,0,1,0,1,0,0,2017-02-25 20:37:53,2019-01-02 09:53:11
27,Forward,950,21,398,368,184,12,9,0,0,1,0,1,0,0,2015-10-14 05:40:17,2021-02-25 12:49:39
26,Goalkeeper,4075,38,1630,1630,815,19,19,0,0,0,0,2,0,0,2015-04-28 21:33:30,2019-10-29 14:38:26
29,Midfielder,1247,21,487,507,253,10,11,0,2,0,0,2,0,0,2014-07-04 14:37:28,2021-10-11 09:24:31
30,Defender,749,8,100,433,216,2,6,0,0,0,0,0,0,0,2017-02-25 19:57:48,2018-05-11 03:04:48
32,Midfielder,1088,17,409,453,226,9,8,0,0,0,0,6,1,0,2016-05-12 00:11:00,2019-09-07 20:45:38
23,Midfielder,25,2,10,10,5,1,1,0,0,0,0,0,0,0,2017-06-14 14:46:39,2020-12-29 08:55:07
30,Defender,2848,29,1198,1100,550,15,14,0,1,0,0,2,0,0,2016-11-30 07:46:12,2018-05-04 16:16:12
23,Defender,227,6,56,114,57,2,4,0,0,0,0,1,0,0,2014-05-18 17:34:30,2018-01-13 22:36:15
25,Defender,25,2,10,10,5,1,1,0,0,0,0,0,0,0,2014-09-02 15:56:32,2018-04-25 03:26:08
26,Defender,3265,34,1360,1270,635,17,17,0,1,1,0,5,1,0,2017-10-31 21:48:49,2020-10-17 16:42:31
21,Midfielder,25,2,10,10,5,1,1,0,0,0,0,0,0,0,2014-03-28 20:16:51,2020-01-02 21:04:10
30,Defender,3568,35,1255,1542,771,16,19,0,1,0,0,3,0,0,2014-11-28 17:14:15,2019-04-11 13:14:25
23,Defender,450,8,282,112,56,5,3,0,0,0,0,1,0,0,2016-06-03 23:04:46,2021-06-14 10:19:49
32,Forward,1390,25,456,623,311,13,12,0,0,0,0,1,0,0,2014-03-18 22:45:30,2020-08-10 02:07:36
35,Defender,1775,19,494,854,427,7,12,0,2,1,0,1,0,0,2016-05-31 18:27:04,2021-08-22 05:57:43
27,Midfielder,91,3,10,54,27,1,2,0,0,0,0,0,0,0,2016-10-29 19:39:00,2020-10-02 20:13:23
25,Midfielder,1911,21,645,844,422,10,11,0,1,1,0,1,0,0,2014-12-20 19:43:37,2021-02-11 00:59:21
29,Midfielder,705,13,312,262,131,7,6,0,0,0,0,2,0,0,2017-08-04 06:28:39,2021-05-09 20:21:54
38,Goalkeeper,25,2,10,10,5,1,1,0,0,0,0,0,0,0,2016-05-20 12:39:50,2018-05-31 23:26:46
34,Defender,2077,22,531,1031,515,8,14,0,0,0,0,4,0,0,2014-07-14 01:19:13,2021-09-23 19:39:51
36,Defender,518,8,151,245,122,4,4,0,0,0,0,0,0,0,2014-03-27 05:08:35,2021-12-30 05:27:49
32,Defender,757,10,319,292,146,5,5,0,1,0,0,2,0,0,2014-01-16 01:22:21,2018-12-14 02:56:07
27,Forward,186,9,71,77,38,5,4,0,0,0,0,0,0,0,2014-08-30 19:08:26,2018-06-27 01:24:02
25,Midfielder,2313,33,1034,853,426,17,16,0,5,5,0,1,0,0,2014-01-02 18:52:26,2019-06-29 06:04:54
21,Defender,25,2,10,10,5,1,1,0,0,0,0,0,0,0,2016-09-12 12:50:33,2018-10-01 09:15:25
24,Midfielder,916,15,391,350,175,8,7,0,0,0,0,2,0,0,2014-07-12 13:57:47,2021-02-10 01:18:57
29,Defender,3979,38,1560,1613,806,19,19,0,0,2,0,7,1,0,2014-08-11 06:53:47,2021-06-11 20:57:46
30,Midfielder,54,4,14,27,13,2,2,0,0,0,0,0,0,0,2014-02-03 01:43:27,2019-10-17 13:31:32
27,Goalkeeper,25,2,10,10,5,1,1,0,0,0,0,0,0,0,2014-08-11 21:25:05,2020-03-06 01:03:58
22,Midfielder,25,2,10,10,5,1,1,0,0,0,0,0,0,0,2014-10-11 20:09:39,2019-12-19 03:26:04
27,Defender,3754,37,1521,1489,744,18,19,0,2,2,0,6,1,0,2015-07-08 19:25:37,2020-07-05 23:35:22
32,Forward,583,17,297,191,95,11,6,0,3,0,0,0,0,0,2014-01-12 06:05:22,2018-11-24 20:52:16
28,Midfielder,2695,34,1050,1097,548,16,18,0,6,4,0,3,0,0,2014-04-08 12:34:22,2018-07-28 08:11:54
25,Midfielder,2975,36,1241,1156,578,18,18,0,2,0,0,8,1,0,2016-10-22 22:27:28,2018-08-13 23:22:58
27,Forward,1225,22,559,444,222,10,12,0,1,0,0,1,0,0,2015-06-06 12:16:32,2021-10-14 12:49:25
29,Midfielder,4300,40,1720,1720,860,20,20,10,7,5,1,10,0,11,2017-08-17 14:51:23,2021-06-18 21:16:25
24,Midfielder,28,3,10,12,6,1,2,0,0,0,0,0,0,0,2016-06-19 16:43:57,2020-10-15 10:23:19
22,Midfielder,25,3,10,10,5,2,1,0,0,0,0,0,0,0,2015-08-28 05:09:35,2019-03-04 22:52:23
25,Defender,3328,31,1180,1432,716,14,17,0,1,0,0,11,0,0,2015-12-26 07:47:01,2021-02-07 12:16:37
25,Forward,494,26,106,259,129,14,12,0,0,1,0,1,0,0,2016-05-27 04:48:37,2020-06-28 05:25:49
38,Goalkeeper,25,2,10,10,5,1,1,0,0,0,0,0,0,0,2014-08-12 23:40:35,2021-11-02 23:33:02
31,Defender,3065,29,1180,1257,628,14,15,0,0,0,0,2,0,0,2015-09-26 17:08:22,2020-02-27 23:03:06
29,Forward,603,14,263,227,113,7,7,0,1,0,0,0,0,0,2014-04-22 03:16:41,2019-03-29 03:02:38
28,Midfielder,873,12,377,331,165,6,6,0,0,1,0,2,0,0,2014-04-29 08:49:13,2019-06-16 07:04:19
31,Midfielder,2065,29,807,839,419,15,14,0,1,1,0,3,0,0,2017-12-07 19:02:13,2020-01-08 05:15:42
20,Defender,25,2,10,10,5,1,1,0,0,0,0,0,0,0,2014-08-29 18:59:21,2021-02-23 16:05:56
25,Defender,151,4,10,94,47,1,3,0,0,0,0,0,0,0,2017-07-06 20:46:13,2020-05-11 04:56:57
34,Midfielder,25,2,10,10,5,1,1,0,0,0,0,0,0,0,2017-06-14 18:15:22,2021-05-14 21:15:10
30,Defender,3497,33,1348,1433,716,16,17,0,1,1,0,6,0,0,2015-07-06 08:03:25,2020-05-11 23:56:41
28,Goalkeeper,835,9,280,370,185,4,5,0,0,0,0,1,0,0,2014-09-13 20:54:09,2020-04-08 14:29:14
23,Forward,2921,35,1303,1079,539,18,17,0,4,6,0,4,1,0,2015-08-21 21:39:44,2019-11-29 00:27:44
27,Midfielder,2066,23,773,862,431,10,13,0,0,1,0,5,0,0,2016-10-16 22:58:14,2018-01-06 04:24:57
33,Midfielder,2913,33,1157,1171,585,16,17,4,2,3,0,7,1,4,2017-10-27 04:01:34,2018-03-02 04:28:40
21,Goalkeeper,250,4,100,100,50,2,2,0,0,0,0,0,0,0,2017-01-07 10:25:01,2021-08-06 07:57:35
31,Forward,2483,30,1093,927,463,16,14,1,7,3,0,3,0,1,2014-07-20 21:23:27,2019-07-29 08:14:08
33,Defender,25,2,10,10,5,1,1,0,0,0,0,0,0,0,2016-09-20 23:20:51,2018-10-03 22:01:01
33,Midfielder,1032,16,227,537,268,7,9,0,0,0,0,1,0,0,2017-12-20 19:34:36,2021-01-01 04:11:52
32,Goalkeeper,4300,40,1720,1720,860,20,20,0,0,0,0,1,0,0,2015-07-01 09:02:45,2020-03-10 10:28:55
30,Defender,1360,15,670,460,230,9,6,0,0,0,0,2,0,0,2014-07-10 18:06:32,2019-08-14 23:25:17
29,Defender,2686,27,1186,1000,500,15,12,0,0,0,0,4,0,0,2015-05-26 21:47:45,2019-02-26 14:13:47
19,Midfielder,145,5,115,20,10,3,2,0,0,0,0,0,0,0,2015-10-21 16:50:28,2019-09-02 00:36:47
24,Defender,500,7,280,147,73,4,3,0,0,0,0,1,0,0,2015-09-16 15:00:31,2020-11-13 09:35:05
28,Forward,446,15,101,230,115,7,8,0,1,0,0,1,0,0,2016-05-29 00:06:58,2020-10-21 10:23:30
26,Midfielder,2155,34,978,785,392,18,16,0,0,0,0,3,0,0,2014-11-02 20:14:34,2019-10-08 08:53:32
28,Goalkeeper,3850,36,1540,1540,770,18,18,0,0,0,0,2,0,0,2017-07-11 16:21:16,2019-02-28 12:28:03
30,Defender,2623,26,1258,910,455,15,11,0,1,2,0,6,0,0,2015-06-03 04:53:54,2021-10-02 11:04:19
23,Midfielder,25,2,10,10,5,1,1,0,0,0,0,0,0,0,2017-01-24 12:28:16,2020-05-04 13:05:32
29,Defender,3967,40,1567,1600,800,20,20,0,1,3,0,5,0,0,2015-10-08 19:21:58,2021-10-15 16:10:34
31,Midfielder,3656,38,1567,1393,696,20,18,1,1,1,1,9,0,2,2017-07-24 19:46:47,2020-09-12 16:24:55
25,Defender,1561,18,493,712,356,8,10,0,1,0,0,2,0,0,2016-05-06 01:03:13,2020-06-17 17:48:16
31,Defender,513,8,363,100,50,6,2,0,0,0,0,0,0,0,2016-09-23 22:47:35,2021-12-01 07:06:20
21,Midfielder,2754,35,981,1182,591,15,20,0,0,0,0,9,0,0,2017-11-05 06:44:12,2018-02-22 21:30:00
33,Defender,25,2,10,10,5,1,1,0,0,0,0,0,0,0,2017-05-31 19:05:40,2019-04-09 00:23:56
31,Defender,2242,23,820,948,474,10,13,0,0,0,0,7,0,0,2016-02-12 13:37:47,2019-03-20 03:37:44
20,Midfielder,110,4,59,34,17,2,2,0,0,0,0,0,0,0,2016-10-16 22:50:47,2020-11-12 12:23:33
22,Midfielder,25,2,10,10,5,1,1,0,0,0,0,0,0,0,2017-01-02 18:16:10,2019-07-23 23:26:13
23,Defender,25,3,10,10,5,2,1,0,0,0,0,0,0,0,2017-08-26 12:07:44,2018-08-18 05:13:47
25,Midfielder,1787,31,728,706,353,19,12,0,0,1,0,3,0,0,2014-02-13 10:04:13,2019-04-01 19:36:59
31,Defender,2816,28,1181,1090,545,15,13,0,0,0,0,5,0,0,2017-07-21 18:08:12,2021-09-19 15:50:49
32,Defender,1905,19,810,730,365,10,9,0,0,0,0,0,0,0,2015-12-10 17:23:34,2020-12-30 15:37:32
32,Midfielder,2067,26,1149,612,306,15,11,0,4,1,0,2,0,0,2014-09-03 06:59:08,2020-12-20 01:38:33
28,Defender,3805,35,1360,1630,815,16,19,0,0,1,0,2,0,0,2017-11-11 22:00:03,2020-12-20 01:58:00
20,Forward,194,8,74,80,40,3,5,0,0,1,0,1,0,0,2014-08-01 13:51:27,2020-02-21 21:10:35
31,Midfielder,2674,35,1008,1111,555,17,18,0,4,2,0,3,0,0,2016-05-09 14:35:20,2019-07-16 14:33:12
37,Goalkeeper,250,4,100,100,50,2,2,0,0,0,0,0,0,0,2014-08-10 01:19:30,2021-08-22 03:33:10
27,Forward,975,13,378,398,199,7,6,0,2,3,0,0,0,0,2016-11-11 11:00:38,2019-01-19 11:06:21
27,Midfielder,967,12,415,368,184,6,6,0,0,0,0,0,0,0,2014-02-03 08:18:13,2021-10-21 16:53:52
35,Defender,296,5,23,182,91,2,3,0,0,0,0,0,0,0,2015-04-09 11:59:50,2018-04-03 12:36:55
33,Midfielder,2792,31,970,1215,607,14,17,0,0,0,0,3,0,0,2017-09-25 04:10:53,2019-07-30 04:06:18
28,Midfielder,489,10,224,177,88,6,4,0,0,0,0,0,0,0,2015-07-17 12:06:16,2018-05-14 03:36:05
26,Midfielder,1013,18,403,407,203,9,9,0,0,0,0,0,0,0,2017-05-27 07:22:34,2018-08-24 10:12:39
28,Forward,4072,40,1702,1580,790,20,20,3,13,9,0,1,0,3,2017-08-06 12:18:49,2020-12-10 00:27:36
21,Midfielder,782,28,436,231,115,14,14,0,0,0,0,1,0,0,2014-11-28 05:21:28,2018-11-19 13:20:54
31,Midfielder,1038,16,483,370,185,10,6,0,0,0,0,2,0,0,2015-11-26 09:16:31,2021-10-22 13:20:53
33,Midfielder,718,12,171,365,182,4,8,0,0,0,0,1,0,0,2014-08-04 06:49:40,2021-04-22 03:40:53
31,Midfielder,2935,31,1197,1159,579,16,15,0,0,0,0,2,0,0,2015-07-24 21:21:06,2021-05-23 17:19:32
30,Midfielder,3879,38,1589,1527,763,20,18,0,2,2,0,3,0,0,2015-06-01 00:03:58,2020-12-08 22:44:48
26,Midfielder,1748,27,739,673,336,15,12,0,1,1,0,0,0,0,2015-08-23 23:16:51,2020-11-03 13:01:13
35,Defender,2426,24,791,1090,545,11,13,0,1,0,0,5,0,0,2015-04-22 07:08:17,2020-11-06 19:53:22
28,Midfielder,2654,33,1016,1092,546,17,16,0,0,0,0,5,0,0,2015-07-29 13:07:36,2021-04-29 14:43:12
26,Defender,4288,40,1720,1712,856,20,20,0,3,1,0,3,0,0,2015-05-26 04:08:19,2019-09-10 04:18:20
22,Midfielder,25,2,10,10,5,1,1,0,0,0,0,0,0,0,2014-01-06 14:39:02,2019-06-23 10:53:59
27,Midfielder,4122,40,1643,1653,826,20,20,0,4,2,0,3,0,0,2016-01-04 14:27:44,2021-11-06 14:19:39
26,Midfielder,390,11,77,209,104,4,7,0,0,0,0,2,0,0,2014-07-17 09:50:18,2018-09-05 08:17:04
30,Defender,1564,20,694,580,290,11,9,0,0,0,0,2,0,0,2015-04-21 23:34:21,2021-08-05 07:21:41
28,Midfielder,1280,22,452,552,276,10,12,1,0,4,0,0,0,1,2016-05-10 06:31:21,2020-02-23 17:04:10
29,Midfielder,142,9,84,39,19,6,3,0,0,0,0,0,0,0,2017-10-28 06:31:26,2019-05-25 11:39:11
31,Goalkeeper,4300,40,1720,1720,860,20,20,0,0,0,0,2,0,0,2014-03-07 16:09:11,2019-07-10 19:11:05
32,Midfielder,3161,30,1061,1400,700,13,17,0,1,0,0,8,1,0,2014-12-11 01:09:18,2020-10-05 12:49:20
33,Defender,1533,20,692,561,280,10,10,0,0,0,0,1,0,0,2016-01-04 13:41:35,2020-05-06 01:11:46
22,Defender,25,2,10,10,5,1,1,0,0,0,0,0,0,0,2016-10-17 14:45:16,2018-05-05 21:07:35
21,Midfielder,25,2,10,10,5,1,1,0,0,0,0,0,0,0,2014-04-05 23:07:58,2021-08-04 18:23:43
24,Midfielder,1448,16,623,550,275,9,7,0,0,0,0,1,0,0,2014-11-20 16:50:15,2019-05-17 11:40:27
20,Midfielder,253,10,201,35,17,7,3,0,0,0,0,0,0,0,2015-04-16 12:41:20,2020-01-21 07:07:19
34,Forward,1050,29,456,396,198,15,14,0,1,1,0,1,0,0,2015-04-19 06:21:13,2021-08-27 21:11:19
24,Midfielder,4161,40,1634,1685,842,20,20,0,2,0,0,8,0,0,2015-11-23 09:54:14,2021-04-03 23:07:49
29,Midfielder,2680,33,1120,1040,520,17,16,0,1,0,0,11,0,0,2017-11-28 23:01:06,2018-06-30 10:07:12
30,Forward,1304,20,445,573,286,9,11,0,0,0,0,0,0,0,2016-07-03 15:32:51,2018-06-28 13:38:41
36,Defender,2555,28,1226,886,443,15,13,0,0,0,0,4,0,0,2014-09-01 08:40:01,2019-01-19 19:46:07
30,Defender,25,3,10,10,5,1,2,0,0,0,0,0,0,0,2014-06-04 05:19:43,2018-03-05 14:10:14
29,Midfielder,2345,27,1003,895,447,14,13,1,2,1,1,1,0,2,2017-07-21 14:00:51,2020-07-17 18:34:20
30,Defender,3970,38,1713,1505,752,20,18,0,2,1,0,3,0,0,2014-04-12 21:06:30,2018-12-07 17:59:30
29,Defender,2514,28,989,1017,508,14,14,0,0,0,0,1,0,0,2014-03-09 07:28:53,2020-11-24 12:58:24
28,Midfielder,3783,37,1527,1504,752,19,18,7,10,3,3,6,0,10,2016-02-07 21:26:14,2021-01-12 17:45:07
29,Goalkeeper,430,5,10,280,140,1,4,0,0,0,0,0,0,0,2014-05-03 20:10:26,2020-01-01 17:58:20
29,Midfielder,1402,26,619,522,261,14,12,0,0,0,0,0,0,0,2017-08-06 20:21:11,2020-09-01 20:57:46
33,Midfielder,2216,33,968,832,416,16,17,0,6,2,0,2,0,0,2016-12-03 00:13:13,2018-07-31 20:20:11
40,Forward,126,8,66,40,20,5,3,0,0,0,0,1,0,0,2014-10-26 18:19:04,2019-07-24 07:03:06
38,Goalkeeper,745,9,325,280,140,5,4,0,0,0,0,0,0,0,2015-11-10 12:17:07,2018-12-21 09:07:22
35,Defender,2083,21,910,782,391,11,10,0,0,0,0,9,0,0,2016-05-26 21:17:04,2018-02-22 11:06:01
38,Defender,471,9,105,244,122,4,5,0,1,0,0,1,1,0,2017-02-15 00:07:49,2021-07-17 14:28:31
29,Defender,1593,20,662,621,310,10,10,0,0,0,0,1,0,0,2014-05-08 03:27:01,2020-04-13 14:36:19
24,Midfielder,2760,29,1116,1096,548,14,15,0,1,1,0,7,0,0,2017-04-05 23:57:36,2019-03-15 19:43:34
20,Midfielder,376,15,289,58,29,11,4,0,1,0,0,0,0,0,2014-05-07 10:19:46,2019-09-07 11:35:33
24,Defender,25,2,10,10,5,1,1,0,0,0,0,0,0,0,2017-08-13 16:21:57,2019-06-21 07:42:10
31,Forward,3412,38,1428,1323,661,20,18,4,13,9,1,0,0,5,2017-01-08 10:33:25,2021-06-19 06:36:47
25,Midfielder,3463,33,1426,1358,679,17,16,0,2,2,0,10,2,0,2016-05-05 20:01:24,2018-05-19 14:18:47
28,Forward,904,21,465,293,146,13,8,0,1,0,0,3,0,0,2014-03-10 05:11:25,2021-03-11 02:52:19
20,Midfielder,25,3,10,10,5,2,1,0,0,0,0,0,0,0,2017-02-06 21:37:30,2019-10-05 08:09:05
26,Forward,3562,36,1266,1531,765,17,19,0,12,5,0,3,0,0,2015-06-04 08:14:17,2021-01-03 12:29:21
29,Midfielder,551,7,178,249,124,3,4,0,0,0,0,0,0,0,2014-10-19 02:06:49,2019-05-14 00:55:10
24,Forward,122,6,40,55,27,2,4,0,0,0,0,0,0,0,2016-05-23 06:02:50,2020-02-02 15:15:13
29,Forward,3887,40,1658,1486,743,20,20,2,8,5,0,4,0,2,2016-01-23 10:05:12,2020-07-20 08:43:49
26,Forward,90,5,27,42,21,2,3,0,0,0,0,0,0,0,2016-05-06 21:14:07,2021-07-28 13:06:35
27,Defender,3949,37,1536,1609,804,18,19,0,2,0,0,7,0,0,2016-07-23 01:39:40,2021-07-23 13:38:24
23,Forward,3402,37,1293,1406,703,18,19,0,7,6,0,6,1,0,2014-01-29 20:53:57,2021-04-25 11:52:26
30,Midfielder,1710,29,657,702,351,15,14,0,1,6,1,0,0,1,2014-05-12 15:02:33,2018-08-12 10:10:31
25,Defender,985,12,511,316,158,7,5,0,0,0,0,1,0,0,2015-12-11 14:40:48,2019-04-13 12:26:52
29,Midfielder,902,18,400,335,167,10,8,0,0,0,0,4,1,0,2015-12-01 20:47:52,2018-12-13 08:41:09
25,Midfielder,1735,27,621,743,371,14,13,0,0,1,1,1,0,1,2015-11-03 08:50:06,2021-04-20 02:48:05
33,Midfielder,2804,35,1118,1124,562,17,18,0,1,1,0,10,0,0,2016-07-27 00:20:29,2020-01-08 07:46:34
29,Forward,3281,36,1357,1283,641,17,19,1,7,5,0,0,0,1,2016-01-16 22:07:14,2018-07-03 00:18:34
30,Forward,3529,35,1477,1368,684,18,17,0,5,1,0,3,0,0,2015-02-07 22:42:58,2020-02-15 02:34:07
31,Midfielder,1469,21,554,610,305,9,12,0,1,1,0,7,0,0,2017-07-07 23:27:50,2020-11-06 23:30:38
27,Forward,2729,34,992,1158,579,17,17,0,4,8,0,4,0,0,2017-03-14 04:14:35,2019-12-25 08:00:06
31,Forward,3267,34,1353,1276,638,17,17,0,6,5,0,1,0,0,2014-09-21 16:32:21,2019-09-30 05:57:26
27,Midfielder,1670,29,442,819,409,12,17,0,1,2,0,1,0,0,2015-11-20 18:10:20,2018-07-24 06:06:31
24,Midfielder,3813,37,1461,1568,784,18,19,2,3,1,0,8,0,2,2014-03-30 16:54:05,2018-10-04 15:38:54
22,Defender,822,19,524,199,99,13,6,0,0,0,0,1,0,0,2016-03-02 03:40:09,2020-05-06 07:19:48
25,Midfielder,1246,26,517,486,243,13,13,0,3,3,0,0,0,0,2014-12-22 19:10:34,2018-06-08 07:48:20
33,Goalkeeper,4210,39,1630,1720,860,19,20,0,0,0,0,0,0,0,2016-04-03 00:38:47,2018-09-11 07:33:15
31,Defender,3760,36,1720,1360,680,20,16,0,1,0,0,12,0,0,2015-09-03 14:37:14,2019-04-16 04:41:31
31,Defender,2680,26,1180,1000,500,14,12,0,1,0,0,8,0,0,2017-05-13 15:05:14,2020-03-24 07:10:45
27,Midfielder,3982,40,1615,1578,789,20,20,0,5,2,0,2,0,0,2017-11-21 08:00:38,2018-06-10 17:33:59
28,Midfielder,1450,17,414,691,345,6,11,0,1,0,0,5,0,0,2015-10-24 03:08:09,2020-12-05 09:22:45
21,Midfielder,25,2,10,10,5,1,1,0,0,0,0,0,0,0,2016-09-29 03:05:14,2018-07-28 16:20:48
34,Forward,1581,18,678,602,301,10,8,0,3,2,0,3,0,0,2017-02-15 11:25:13,2018-10-22 05:56:46
21,Goalkeeper,25,2,10,10,5,1,1,0,0,0,0,0,0,0,2016-05-14 20:59:12,2018-09-15 09:17:35
20,Defender,2924,37,1105,1213,606,19,18,0,1,1,0,0,0,0,2015-08-12 22:39:22,2021-04-20 23:52:11
28,Forward,3832,38,1653,1453,726,20,18,0,18,4,0,2,0,0,2014-09-03 08:21:59,2018-11-29 16:37:04
25,Forward,66,6,17,33,16,2,4,0,0,0,0,0,0,0,2014-02-28 12:28:24,2021-01-09 19:37:51
22,Forward,41,4,10,21,10,1,3,0,0,0,0,0,0,0,2017-12-20 07:18:57,2019-10-16 12:29:38
31,Forward,1167,22,465,468,234,11,11,0,2,1,0,0,0,0,2017-01-18 20:40:20,2019-06-19 04:31:25
22,Defender,25,2,10,10,5,1,1,0,0,0,0,0,0,0,2014-01-21 04:30:34,2020-09-04 22:32:27
33,Midfielder,343,7,112,154,77,3,4,0,0,0,0,0,0,0,2015-04-24 14:17:06,2018-08-22 03:08:39
25,Forward,25,2,10,10,5,1,1,0,0,0,0,0,0,0,2017-12-03 05:07:51,2019-08-23 00:12:13
34,Defender,835,12,370,310,155,5,7,0,0,0,0,1,0,0,2017-02-08 05:21:08,2018-08-01 13:26:00
24,Midfielder,1144,18,355,526,263,8,10,0,0,2,0,1,0,0,2016-08-20 12:32:26,2021-06-07 11:04:19
27,Defender,2298,26,1137,774,387,15,11,0,0,0,0,5,0,0,2017-09-05 16:54:31,2018-09-13 20:38:13
32,Defender,3198,31,1343,1237,618,16,15,0,2,0,0,1,0,0,2017-11-25 09:46:12,2020-08-10 16:48:47
23,Midfielder,879,11,365,343,171,5,6,0,1,0,0,2,0,0,2015-12-22 09:51:04,2018-07-26 11:35:02
30,Defender,3785,36,1610,1450,725,19,17,0,0,1,0,6,0,0,2014-02-03 04:26:24,2021-01-30 10:10:02
33,Defender,44,3,10,23,11,1,2,0,0,0,0,0,0,0,2017-06-25 10:07:37,2021-12-10 16:08:29
28,Defender,803,10,146,438,219,3,7,0,0,0,0,1,0,0,2016-10-03 07:04:40,2020-05-26 12:53:56
32,Forward,3182,35,1135,1365,682,17,18,2,15,6,0,3,0,2,2014-09-24 11:59:24,2019-07-27 19:05:14
34,Goalkeeper,25,2,10,10,5,1,1,0,0,0,0,0,0,0,2015-11-14 16:08:52,2020-06-17 01:00:41
27,Goalkeeper,3265,31,1360,1270,635,16,15,0,0,0,0,1,0,0,2017-07-14 21:56:33,2018-03-20 05:36:22
29,Defender,3878,37,1568,1540,770,19,18,0,2,3,0,5,1,0,2017-03-18 22:28:04,2021-12-03 03:41:30
34,Forward,1614,28,639,650,325,16,12,0,3,2,0,3,0,0,2017-06-21 00:41:28,2018-02-01 19:46:50
34,Forward,365,23,136,153,76,14,9,0,0,0,0,0,0,0,2014-09-11 23:38:58,2020-12-25 08:14:25
28,Defender,3319,33,1273,1364,682,16,17,0,0,2,0,9,0,0,2014-11-11 02:07:10,2019-08-22 17:30:40
36,Defender,1526,19,685,561,280,10,9,0,0,0,0,1,0,0,2017-09-28 23:26:50,2018-03-25 14:35:38
33,Goalkeeper,25,2,10,10,5,1,1,0,0,0,0,0,0,0,2016-10-14 09:06:00,2018-01-09 15:24:53
32,Defender,2764,27,1129,1090,545,14,13,0,0,1,0,12,0,0,2017-08-08 23:29:57,2020-09-01 05:54:05
26,Midfielder,3158,37,1163,1330,665,17,20,0,1,0,0,1,0,0,2014-10-20 09:34:46,2021-01-11 19:12:58
36,Defender,3107,30,1270,1225,612,15,15,0,2,2,0,7,0,0,2017-03-25 19:55:03,2021-03-10 08:55:43
30,Midfielder,578,14,140,292,146,6,8,0,0,0,0,4,0,0,2017-11-01 16:11:07,2020-02-21 06:26:26
31,Forward,53,4,19,23,11,2,2,0,0,0,0,1,0,0,2014-12-21 21:06:22,2018-04-03 21:12:49
37,Defender,1231,16,418,542,271,8,8,0,0,0,0,3,0,0,2016-06-24 17:19:31,2018-03-10 05:52:37
35,Defender,333,5,84,166,83,2,3,0,0,0,0,1,0,0,2014-02-28 00:02:13,2020-09-22 18:54:17
29,Defender,3530,33,1360,1447,723,16,17,0,0,1,0,3,0,0,2015-05-25 12:15:34,2020-03-09 07:33:07
26,Forward,2186,33,1019,778,389,17,16,0,2,0,0,2,1,0,2016-10-07 01:12:45,2021-05-02 10:01:52
36,Midfielder,166,5,16,100,50,3,2,0,0,0,0,0,0,0,2015-07-27 07:44:18,2018-05-02 01:05:48
32,Midfielder,617,8,182,290,145,3,5,0,0,0,0,0,0,0,2015-11-09 06:47:41,2019-11-12 17:18:49
29,Midfielder,1938,31,479,973,486,12,19,0,1,2,0,2,0,0,2015-09-19 20:13:10,2018-02-21 21:04:55
25,Midfielder,25,2,10,10,5,1,1,0,0,0,0,0,0,0,2015-03-17 00:19:59,2021-09-21 09:43:37
32,Midfielder,1566,20,834,488,244,11,9,0,0,0,0,2,0,0,2016-12-07 00:31:53,2018-07-05 22:06:56
21,Forward,79,4,10,46,23,2,2,0,0,0,0,0,0,0,2017-02-17 20:54:22,2019-03-29 03:58:30
27,Defender,3405,34,1415,1327,663,18,16,0,0,1,0,4,0,0,2016-03-13 15:03:42,2018-06-30 21:18:41
32,Forward,2651,39,1124,1018,509,20,19,0,3,2,0,1,0,0,2015-03-09 10:47:44,2019-02-21 13:07:45
33,Defender,2630,28,953,1118,559,14,14,0,0,0,0,1,0,0,2017-11-23 02:15:59,2021-07-22 11:18:42
21,Defender,25,2,10,10,5,1,1,0,0,0,0,0,0,0,2016-06-18 05:23:45,2018-04-04 12:57:39
23,Defender,968,14,509,306,153,7,7,0,0,0,0,3,0,0,2017-03-18 08:20:51,2020-02-15 23:56:51
32,Defender,3636,36,1559,1385,692,19,17,0,0,0,0,3,0,0,2016-08-20 14:54:57,2019-01-31 14:20:38
30,Midfielder,2768,33,1117,1101,550,17,16,0,1,0,0,0,0,0,2015-01-07 17:55:28,2021-06-25 00:07:51
31,Midfielder,679,15,112,378,189,5,10,0,0,1,0,2,0,0,2014-12-16 04:45:05,2020-10-23 04:43:32
22,Midfielder,1227,18,530,465,232,9,9,0,0,0,0,3,0,0,2016-11-02 10:53:52,2021-09-25 17:54:07
34,Goalkeeper,2140,21,910,820,410,11,10,0,0,0,0,3,0,0,2014-12-10 23:38:44,2020-12-05 14:39:34
28,Defender,1521,17,441,720,360,7,10,0,0,0,0,3,1,0,2015-12-16 01:16:35,2019-05-25 04:13:23
22,Defender,3092,31,1276,1211,605,16,15,0,0,1,0,3,0,0,2015-12-14 08:05:52,2020-08-23 07:15:33
32,Forward,3198,34,1308,1260,630,17,17,1,3,6,0,5,1,1,2017-04-17 23:14:12,2021-11-23 19:12:53
26,Defender,25,2,10,10,5,1,1,0,0,0,0,0,0,0,2014-04-04 21:25:54,2021-01-16 14:21:08
22,Defender,25,3,10,10,5,2,1,0,0,0,0,0,0,0,2014-09-24 04:08:36,2020-08-09 11:41:40
28,Defender,233,7,17,144,72,3,4,0,0,0,0,0,0,0,2015-07-17 08:26:37,2019-12-23 04:18:03
34,Goalkeeper,2140,22,1045,730,365,13,9,0,0,0,0,2,0,0,2015-08-15 22:59:00,2019-10-16 06:32:10
33,Midfielder,288,10,162,84,42,4,6,0,0,0,0,0,0,0,2016-03-21 01:05:21,2019-08-07 07:00:24
26,Midfielder,3260,34,1277,1322,661,17,17,1,4,1,0,6,0,1,2016-11-07 08:03:26,2018-11-03 00:43:00
30,Midfielder,55,4,27,19,9,2,2,0,0,0,0,0,0,0,2014-07-03 20:04:14,2021-08-19 15:51:45
26,Defender,3372,32,1122,1500,750,14,18,0,1,0,0,1,0,0,2015-08-14 12:56:54,2019-07-01 04:37:56
29,Midfielder,637,15,312,217,108,10,5,0,1,0,0,2,0,0,2016-05-24 05:44:11,2020-10-03 15:47:30
22,Forward,25,2,10,10,5,1,1,0,0,0,0,0,0,0,2014-10-17 08:14:55,2020-06-23 22:27:28
26,Forward,61,5,46,10,5,4,1,0,0,0,0,0,0,0,2017-03-02 22:21:43,2018-11-15 00:27:16
34,Defender,1579,19,571,672,336,9,10,0,1,0,0,6,0,0,2015-06-13 09:02:56,2018-03-31 14:52:59
29,Defender,4265,40,1685,1720,860,20,20,0,2,2,0,1,0,0,2017-01-03 15:19:21,2020-03-02 21:31:01
34,Goalkeeper,2050,20,685,910,455,9,11,0,0,0,0,0,0,0,2017-06-21 17:09:21,2019-06-22 13:58:03
37,Defender,2522,24,793,1153,576,10,14,0,1,2,0,5,2,0,2017-08-07 22:21:30,2018-01-02 08:53:13
27,Defender,1510,15,550,640,320,7,8,0,0,0,0,2,0,0,2014-09-24 17:39:45,2020-06-12 07:17:54
39,Goalkeeper,250,4,100,100,50,2,2,0,0,0,0,0,0,0,2017-12-08 04:26:35,2018-12-03 22:25:53
28,Midfielder,3913,36,1357,1704,852,16,20,0,1,9,0,10,1,0,2015-06-02 03:14:51,2020-09-06 19:37:45
25,Midfielder,3053,34,1261,1195,597,17,17,0,1,1,0,5,0,0,2017-10-13 10:44:07,2018-06-06 12:20:35
27,Goalkeeper,25,3,10,10,5,2,1,0,0,0,0,0,0,0,2014-11-30 14:20:12,2020-06-21 08:29:32
32,Forward,2770,34,843,1285,642,16,18,0,2,1,0,2,0,0,2014-11-20 15:14:26,2021-04-26 00:41:21
30,Defender,4013,38,1540,1649,824,18,20,0,2,2,0,3,1,0,2016-05-20 05:39:59,2018-06-05 21:35:59
29,Midfielder,1343,26,548,530,265,13,13,0,5,1,0,2,0,0,2015-10-29 09:33:19,2019-10-27 09:20:04
22,Defender,2062,25,1080,655,327,14,11,0,1,1,0,5,1,0,2015-09-05 23:51:52,2019-07-04 07:28:02
26,Defender,1180,15,370,540,270,7,8,0,0,1,0,3,0,0,2014-05-10 07:16:26,2020-08-04 01:41:00
28,Forward,709,19,190,346,173,9,10,0,0,1,0,1,0,0,2014-02-21 05:17:07,2018-07-19 18:41:03
23,Midfielder,1375,15,585,527,263,8,7,0,2,1,0,2,0,0,2015-09-28 04:52:53,2018-05-25 01:23:34
24,Midfielder,2305,30,757,1032,516,14,16,0,0,0,0,5,0,0,2014-04-02 08:05:29,2018-01-30 20:27:10
20,Defender,25,2,10,10,5,1,1,0,0,0,0,0,0,0,2016-02-28 16:14:44,2020-03-26 21:02:43
20,Defender,25,2,10,10,5,1,1,0,0,0,0,0,0,0,2017-10-21 11:10:20,2019-11-10 07:34:54
35,Goalkeeper,4300,40,1720,1720,860,20,20,0,0,0,0,0,0,0,2014-10-24 18:12:49,2020-05-13 15:10:04
