Matricule,Nom,Prenom,Genre,Date_Naissance,Pays_Naissance,Lieu_Naissance,Nationalite,Type_Residence,Residence_Num_Rue,Residence_Rue,Residence_Code_Postal,Residence_Localite,Residence_Commune,Residence_Pays,Etat_Civil,Enfants,Statut_SH,Orientation_SH,Statut_CTR,REVIS,Titre_Sejour,Debut_Titre_Sejour,Fin_Titre_Sejour,Autorisation_Travail_Debut,Autorisation_Travail_Fin,Autorisation_Travail_ISCO,Metier_ROME_1,Metier_ROME_1_Appellation,Metier_ROME_1_Experience,Metier_ROME_2,Metier_ROME_2_Appellation,Metier_ROME_2_Experience,Metier_ROME_3,Metier_ROME_3_Appellation,Metier_ROME_3_Experience,Formation_Reussie_ISCED,Formation_Reussie_Diplome,Formation_Reussie_Classe,Formation_Reussie_Specialite,Formation_Toutes_Specialites,Formation_Reussie_Pays,Formation_Reussie_Preuve,Langue_FR,Langue_LB,Langue_DE,Langue_EN,Langues_Autres,Mobilite
5064903841586,Ledoux,Hélène,Féminin,19970822,Pays-Bas,Royboeuf,Allemande,inconnu,163,chemin de Guillot,1300,110101 Luxembourg,Luxembourg,Luxembourg,Séparé,Oui,False,Inconnu,True,False,109 Protection temporaire (BPT),20250514,20270406,,,,M1607,Secrétaire,12 ans,,,,,,,7,Master,,Hôtellerie-Restauration,Éducation sociale,Érythrée,Homologué,B,,,A,,Limitée (pas de voiture et pas de transports en commun disponible)
7213665241325,Allard,Isaac,Masculin,19881230,Syrie,Cohen,Britannique,résident,28,boulevard Gonzalez,7900,110101 Luxembourg,Luxembourg,Luxembourg,Veuf,Inconnu,False,Inconnu,False,False,,,,,,,K2111,Formateur,,I1308,Technicien helpdesk,,,,,1,Secondaire technique,5ème primaire,Mécanique,"Électronique, Comptabilité",Italie,Déclaré,B,A,B,B,,"Excellente (permis A, B et véhicule personnel)"
3362208393054,Alexandre,Stéphanie,Féminin,19600519,Belgique,Coulon-la-Forêt,Néerlandaise,résident,151,chemin Agnès Leroux,1900,111001 Wiltz,Wiltz,Luxembourg,Divorcé,Non,False,Inconnu,False,False,109 Protection temporaire (BPT),20231030,20270218,,,,G1603,Agent de restauration,12 ans,N1103,Magasinier,0 ans,M1203,Comptable,4 ans,2,Secondaire technique,9ème EST,Commerce,Commerce,Roumanie,Reconnu,A,C,,C,,"Excellente (permis A, B et véhicule personnel)"
9568400526309,Georges,Roger,Masculin,19590306,Érythrée,Lenoir,Afghane,résident,52,rue de Rolland,5900,110301 Differdange,Differdange,Belgique,Inconnu,Non,False,Inconnu,True,False,,,,20250327,20260921,1211,D1406,Chef des ventes,,,,,,,,0,Secondaire classique,12ème EST,Électronique,"Soins infirmiers, Sciences naturelles, Économie",Luxembourg,Vérifié,B,B,,B,,Limitée (pas de voiture et pas de transports en commun disponible)
8780713424640,Laporte,Philippe,Masculin,19900830,Somalie,Imbert,Syrienne,inconnu,176,rue Chrétien,8100,110502 Echternach,Echternach,Belgique,PA,Non,False,Inconnu,True,False,,,,20240910,20261101,9321,K2111,Formateur,,,,,D1406,Responsable commercial,,0,Secondaire classique,12ème EST,Informatique,"Sciences humaines, Langues",Roumanie,Vérifié,C,C,,C,,Moyenne (permis B mais pas de voiture disponible ou utilisation de transports en communs)
9316534769580,Mace,Agathe,Féminin,19770722,Syrie,Masse,Belge,inconnu,9,boulevard Suzanne Fernandez,2900,110401 Dudelange,Dudelange,Luxembourg,Veuf,Inconnu,False,Inconnu,False,False,,,,,,,N1103,Préparateur de commandes,0 ans,M1607,Secrétaire juridique,6 ans,,,,0,Secondaire classique,5ème primaire,Mécanique,"Sciences humaines, Langues, Sciences naturelles",Espagne,Reconnu,A,B,A,A,Portugais: A,"Excellente (permis A, B et véhicule personnel)"
0140432527287,Lenoir,Gabrielle,Féminin,19930411,Allemagne,Grondindan,Britannique,inconnu,27,chemin Maggie Mary,5600,110901 Diekirch,Diekirch,Allemagne,Séparé,Non,False,Inconnu,True,False,,,,,,,H2901,Monteur,,,,,,,,5,BTS,,Électronique,Division administrative et commerciale,Pays-Bas,Vérifié,A,B,A,A,,Limitée pour des raisons psychiques et/ou physiques (durée de trajet restreinte)
3811480955905,Le Roux,Hélène,Féminin,19880519,Portugal,Fernandez,Allemande,inconnu,6,avenue Marguerite Pottier,8600,110701 Remich,Remich,France,PA,Inconnu,False,Inconnu,True,True,,,,,,,D1406,Responsable commercial,19 ans,H2901,Mécanicien monteur,,,,,7,Master,,Hôtellerie-Restauration,Électronique,Belgique,Reconnu,B,C,,B,Russe: B,Limitée pour des raisons psychiques et/ou physiques (durée de trajet restreinte)
0783454311625,Bouvier,Joséphine,Féminin,19500922,Somalie,Hebert,Française,non-résident,233,boulevard François Blondel,8900,110502 Echternach,Echternach,France,Séparé,Oui,False,Inconnu,False,False,,,,,,,N1103,Préparateur de commandes,14 ans,D1406,Responsable commercial,,,,,3,DT,,,"Division administrative et commerciale, Comptabilité",Érythrée,Vérifié,B,B,C,,,Limitée (pas de voiture et pas de transports en commun disponible)
9608487668137,Mendès,Luce,Féminin,19650529,Érythrée,Collet,Britannique,inconnu,243,rue Lorraine Jacquot,6100,110301 Differdange,Differdange,France,Divorcé,Inconnu,False,Inconnu,False,False,120 Carte de séjour UE,20241030,20270629,,,,H2901,Mécanicien monteur,4 ans,,,,,,,2,,5ème primaire,Division administrative et commerciale,"Division administrative et commerciale, Soins infirmiers, Mécanique",Érythrée,Déclaré,C,B,B,,Portugais: A,Limitée (pas de voiture et pas de transports en commun disponible)
9149938757043,Lopez,Louise,Féminin,19690723,Roumanie,Lévêque-la-Forêt,Néerlandaise,résident,103,avenue Berger,4700,110401 Dudelange,Dudelange,Luxembourg,Divorcé,Non,False,Inconnu,False,False,,,,,,,G1603,Employé de restauration,,,,,,,,6,Bachelor,,Division administrative et commerciale,"Division administrative et commerciale, Hôtellerie-Restauration",Allemagne,Reconnu,B,A,C,A,,Moyenne (permis B mais pas de voiture disponible ou utilisation de transports en communs)
3325536611307,Lefèvre,Suzanne,Féminin,19950516,Afghanistan,MauryVille,Belge,inconnu,200,avenue de Aubert,5600,110201 Esch-sur-Alzette,Esch-sur-Alzette,Allemagne,PA,Inconnu,False,Inconnu,True,False,,,,20250105,20261228,1211,D1406,Commercial,11 ans,,,,,,,2,Secondaire technique,2ème ESC,,"Soins infirmiers, Hôtellerie-Restauration, Langues",Italie,Homologué,B,,A,,,"Excellente (permis A, B et véhicule personnel)"
4404530997251,Cousin,Antoine,Masculin,20000719,Érythrée,Bouvier,Luxembourgeoise,inconnu,38,rue Bonnet,2200,110801 Ettelbruck,Ettelbruck,Luxembourg,Inconnu,Oui,False,Inconnu,True,False,,,,20250819,20261124,5223,K2111,Conseiller en formation,,M1203,Comptable,7 ans,,,,8,PhD,,Langues,"Mécanique, Langues",Italie,Vérifié,B,,C,B,,Limitée pour des raisons psychiques et/ou physiques (durée de trajet restreinte)
4225294227731,Chauveau,Alexandrie,Féminin,19890924,Luxembourg,Differdange,Allemande,inconnu,185,rue Devaux,4400,110801 Ettelbruck,Ettelbruck,Luxembourg,Inconnu,Inconnu,True,Inconnu,False,False,,,,,,,I1308,Support informatique,1 ans,,,,,,,2,Secondaire classique,5ème primaire,Soins infirmiers,Comptabilité,Portugal,Reconnu,A,B,A,,,"Excellente (permis A, B et véhicule personnel)"
4680028169323,Duhamel,Chantal,Féminin,19570824,Espagne,Texier,Roumaine,résident,196,boulevard Da Silva,2200,110801 Ettelbruck,Ettelbruck,Luxembourg,Célibataire,Non,False,Inconnu,False,False,130 Autorisation de séjour temporaire,20240413,20280120,20251121,20261225,9321,G1603,Agent de restauration,15 ans,J1501,Aide-soignant,5 ans,,,,2,,9ème EST,Hôtellerie-Restauration,"Éducation sociale, Langues, Électronique",Érythrée,Vérifié,A,B,C,A,Arabe: B,Moyenne (permis B mais pas de voiture disponible ou utilisation de transports en communs)
6293355333968,Vaillant,Élise,Féminin,19510303,Royaume-Uni,Langlois,Néerlandaise,résident,93,rue de Boulay,5400,110301 Differdange,Differdange,Belgique,Inconnu,Non,False,Inconnu,True,False,,,,20251205,20261123,2412,H2901,Monteur,,N1103,Agent logistique,9 ans,K1207,Animateur social,,6,Bachelor,,Comptabilité,"Sciences naturelles, Informatique, Commerce",France,Homologué,C,C,B,B,,"Excellente (permis A, B et véhicule personnel)"
2323539413022,Schmitt,Patrick,Masculin,19970326,Syrie,BarthelemyVille,Espagnole,non-résident,202,avenue Samson,3200,110301 Differdange,Differdange,Belgique,Marié,Inconnu,False,Inconnu,False,False,,,,20250515,20261023,1211,K2111,Conseiller en formation,20 ans,,,,D1406,Chef des ventes,1 ans,8,PhD,,Informatique,Sciences naturelles,Royaume-Uni,A valider,A,A,A,B,,Moyenne (permis B mais pas de voiture disponible ou utilisation de transports en communs)
5196397962086,Schmitt,Agathe,Féminin,20040809,Royaume-Uni,Alves,Italienne,résident,121,rue Perrin,9400,110101 Luxembourg,Luxembourg,Belgique,Veuf,Inconnu,False,Inconnu,True,False,,,,,,,M1607,Assistant administratif,17 ans,N1103,Magasinier,15 ans,,,,7,Master,,,"Mécanique, Économie",Royaume-Uni,Vérifié,C,B,A,B,,Moyenne (permis B mais pas de voiture disponible ou utilisation de transports en communs)
2489262352393,Navarro,Guy,Masculin,19630427,Somalie,Sainte Renée,Allemande,non-résident,225,boulevard Couturier,5500,110901 Diekirch,Diekirch,Luxembourg,Marié,Non,False,Inconnu,False,True,,,,20240201,20260822,2412,N1103,Agent logistique,10 ans,D1406,Responsable commercial,4 ans,J1501,Infirmier,9 ans,6,Bachelor,,Hôtellerie-Restauration,Informatique,Afghanistan,Vérifié,C,C,B,,,Moyenne (permis B mais pas de voiture disponible ou utilisation de transports en communs)
1364661966435,Pierre,Marguerite,Féminin,19790703,Syrie,Bernard,Roumaine,inconnu,207,rue Mathieu,4100,110901 Diekirch,Diekirch,Luxembourg,PA,Non,True,Inconnu,False,False,,,,,,,M1607,Secrétaire juridique,9 ans,,,,,,,4,Diplôme d'éducateur,,Mécanique,"Division administrative et commerciale, Sciences humaines",Royaume-Uni,Reconnu,C,B,B,A,,Limitée pour des raisons psychiques et/ou physiques (durée de trajet restreinte)
0437853753594,Potier,Christiane,Féminin,19550611,Luxembourg,Bettembourg,Espagnole,résident,218,rue Joubert,5100,110801 Ettelbruck,Ettelbruck,France,Célibataire,Oui,True,Atelier protégé,True,True,,,,,,,J1501,Infirmier,,I1308,Technicien support,8 ans,N1103,Agent logistique,,6,Bachelor,,Mécanique,Soins infirmiers,Pologne,Déclaré,B,B,A,B,,Limitée (pas de voiture et pas de transports en commun disponible)
4013661519062,Lopes,Richard,Masculin,19800107,Luxembourg,Diekirch,Néerlandaise,résident,203,chemin de Meunier,1800,110901 Diekirch,Diekirch,Allemagne,Célibataire,Inconnu,True,Atelier protégé,True,False,120 Carte de séjour UE,20230803,20270904,20250402,20270105,2320,N1103,Magasinier,14 ans,,,,,,,3,DAP,,Commerce,"Comptabilité, Sciences naturelles",Belgique,Déclaré,C,A,A,,,Moyenne (permis B mais pas de voiture disponible ou utilisation de transports en communs)
8919889302802,Devaux,Guillaume,Masculin,19530506,Érythrée,MoulinVille,Syrienne,résident,186,chemin Lebreton,9600,110601 Grevenmacher,Grevenmacher,Luxembourg,Veuf,Oui,False,Inconnu,False,True,,,,,,,J1501,Aide-soignant,9 ans,,,,,,,1,Secondaire classique,5ème primaire,Langues,Mécanique,Luxembourg,Reconnu,B,C,A,A,Espagnol: C,Limitée (pas de voiture et pas de transports en commun disponible)
8869846848391,Roger,Louis,Masculin,19510706,Afghanistan,Jacquet-la-Forêt,Française,résident,162,boulevard Hervé,8800,110502 Echternach,Echternach,Luxembourg,Marié,Oui,False,Inconnu,True,False,,,,,,,M1203,Comptable,,,,,,,,6,Bachelor,,Sciences naturelles,"Comptabilité, Division administrative et commerciale, Électronique",Érythrée,Déclaré,A,,,,Espagnol: C,Moyenne (permis B mais pas de voiture disponible ou utilisation de transports en communs)
9939490192683,Germain,Frédéric,Masculin,19830328,Somalie,Roux,Somalienne,non-résident,117,avenue Nathalie Masson,9800,110801 Ettelbruck,Ettelbruck,Luxembourg,Divorcé,Oui,False,Inconnu,False,True,,,,,,,H2901,Mécanicien monteur,6 ans,,,,,,,4,Brevet de maîtrise,,Division administrative et commerciale,Langues,Roumanie,Déclaré,B,A,,C,,Limitée pour des raisons psychiques et/ou physiques (durée de trajet restreinte)
1280460375023,Delorme,Monique,Féminin,20001021,Somalie,Fouquet-sur-Cordier,Afghane,non-résident,240,chemin Danielle Besnard,3100,110502 Echternach,Echternach,Belgique,Marié,Non,False,Inconnu,True,False,065 Membre de famille (UE avec hors UE),20250511,20270625,20240806,20270108,5120,H2901,Mécanicien monteur,,N1103,Agent logistique,7 ans,,,,7,Master,,,"Droit, Commerce, Éducation sociale",Portugal,Reconnu,B,C,C,,,Limitée (pas de voiture et pas de transports en commun disponible)
2457474416755,Traore,Josette,Féminin,19720110,Roumanie,Rolland-sur-Mer,Polonaise,résident,47,boulevard Eugène Prévost,9500,110201 Esch-sur-Alzette,Esch-sur-Alzette,Luxembourg,PA,Inconnu,True,Marché ordinaire,True,False,,,,,,,J1501,Infirmier,,N1103,Agent logistique,,,,,2,Secondaire technique,5ème primaire,,"Hôtellerie-Restauration, Sciences naturelles, Comptabilité",Belgique,A valider,B,A,C,B,,"Excellente (permis A, B et véhicule personnel)"
9858616922469,Ferreira,Robert,Masculin,19801202,Roumanie,Dupont,Somalienne,résident,238,chemin Aubert,4400,110301 Differdange,Differdange,Allemagne,PA,Inconnu,False,Inconnu,False,False,,,,,,,K1207,Animateur social,5 ans,N1103,Préparateur de commandes,,,,,6,Bachelor,,Éducation sociale,Division administrative et commerciale,Érythrée,Vérifié,B,A,C,,,Limitée (pas de voiture et pas de transports en commun disponible)
5742752921252,Fournier,Joséphine,Féminin,19910903,Afghanistan,Muller,Française,résident,122,chemin Henri Lemaire,6600,110701 Remich,Remich,Luxembourg,Divorcé,Oui,False,Inconnu,True,True,,,,,,,G1603,Serveur,,J1501,Auxiliaire de vie,,I1308,Technicien helpdesk,9 ans,5,BTS,,Économie,"Mécanique, Comptabilité",France,Homologué,B,B,,C,,Moyenne (permis B mais pas de voiture disponible ou utilisation de transports en communs)
0818563268402,Thomas,Marine,Féminin,19590323,Portugal,GuilletVille,Belge,résident,74,boulevard Josette Valette,8300,110101 Luxembourg,Luxembourg,Belgique,Veuf,Non,False,Inconnu,False,True,,,,20250624,20260809,9321,K1207,Éducateur,,I1308,Support informatique,11 ans,N1103,Agent logistique,,1,,5ème primaire,,"Langues, Informatique",Belgique,A valider,A,B,B,,,Limitée pour des raisons psychiques et/ou physiques (durée de trajet restreinte)
7024881419140,Moulin,Roland,Masculin,19620408,Pologne,Benoit-les-Bains,Britannique,résident,238,boulevard de Vallée,5800,111001 Wiltz,Wiltz,Luxembourg,Divorcé,Non,False,Inconnu,True,True,100 Protection internationale (BPI),20230721,20270627,,,,M1203,Comptable,13 ans,K1207,Éducateur,,,,,3,CATP,,Droit,Sciences humaines,Belgique,Homologué,B,,,C,,"Excellente (permis A, B et véhicule personnel)"
7105176645394,Alves,Agathe,Féminin,19960424,Roumanie,Hernandez,Britannique,non-résident,243,chemin Nicolas Leclercq,7300,110301 Differdange,Differdange,Allemagne,Marié,Inconnu,False,Inconnu,False,True,100 Protection internationale (BPI),20250915,20270621,,,,M1607,Secrétaire,,I1308,Technicien support,,,,,0,Secondaire classique,12ème EST,Langues,Informatique,France,Déclaré,B,A,A,C,Espagnol: C,Moyenne (permis B mais pas de voiture disponible ou utilisation de transports en communs)
7496106007217,Bègue,Audrey,Féminin,19760528,France,Saint Françoise,Néerlandaise,non-résident,157,chemin Marthe Petit,7700,110301 Differdange,Differdange,France,Séparé,Non,False,Inconnu,False,False,,,,,,,G1603,Agent de restauration,11 ans,,,,,,,3,DT,,,"Langues, Sciences naturelles",Pologne,A valider,B,A,B,C,Néerlandais: C,"Excellente (permis A, B et véhicule personnel)"
5785409418188,Sanchez,Louis,Masculin,19890310,Pays-Bas,Tessierboeuf,Néerlandaise,résident,156,chemin Lévy,4600,111001 Wiltz,Wiltz,Luxembourg,Inconnu,Inconnu,False,Inconnu,True,False,,,,20250510,20261211,2412,K1207,Éducateur,0 ans,I1308,Technicien support,9 ans,,,,7,Master,,,Sciences humaines,Italie,A valider,B,C,A,A,Espagnol: B,Moyenne (permis B mais pas de voiture disponible ou utilisation de transports en communs)
9757042835457,Jacob,Patrick,Masculin,19850216,Italie,Lelièvre,Portugaise,résident,115,rue Guillou,8600,110401 Dudelange,Dudelange,Luxembourg,PA,Oui,True,Inconnu,False,False,,,,,,,M1203,Comptable,2 ans,K2111,Formateur professionnel,3 ans,,,,5,BTS,,Langues,"Sciences humaines, Mécanique, Économie",Pologne,Reconnu,C,A,,C,,Limitée (pas de voiture et pas de transports en commun disponible)
6903596032013,Gros,Jean,Masculin,19680123,Pologne,Saint Richarddan,Portugaise,résident,198,chemin Isabelle Robin,7800,111001 Wiltz,Wiltz,Allemagne,Divorcé,Oui,False,Inconnu,False,True,,,,,,,D1406,Chef des ventes,7 ans,N1103,Magasinier,14 ans,,,,0,Secondaire technique,9ème EST,Comptabilité,"Mécanique, Commerce, Économie",Syrie,Homologué,C,A,A,A,Espagnol: C,Moyenne (permis B mais pas de voiture disponible ou utilisation de transports en communs)
8187763712527,Antoine,Philippine,Féminin,19980804,Syrie,Sainte Zoédan,Érythréenne,non-résident,31,boulevard de Moreau,8400,110901 Diekirch,Diekirch,Luxembourg,Séparé,Inconnu,True,Atelier protégé,True,False,,,,,,,J1501,Infirmier,1 ans,,,,,,,2,,2ème ESC,Langues,"Commerce, Éducation sociale, Soins infirmiers",Afghanistan,Vérifié,C,C,,B,,Limitée pour des raisons psychiques et/ou physiques (durée de trajet restreinte)
7802792910754,Charrier,Colette,Féminin,19570802,Royaume-Uni,Legendre,Allemande,résident,109,chemin Bertrand Lefèvre,4200,110601 Grevenmacher,Grevenmacher,Belgique,Marié,Non,False,Inconnu,False,False,130 Autorisation de séjour temporaire,20240617,20270428,20250427,20260729,5120,H2901,Monteur,7 ans,,,,,,,1,Secondaire technique,12ème EST,Hôtellerie-Restauration,Droit,Roumanie,A valider,C,C,A,,,"Excellente (permis A, B et véhicule personnel)"
8516881049739,Lefebvre,Dorothée,Féminin,20001001,Allemagne,Saint Marthedan,Belge,résident,240,chemin de Guilbert,3300,110301 Differdange,Differdange,Luxembourg,Inconnu,Inconnu,False,Inconnu,False,False,,,,,,,G1603,Employé de restauration,,M1203,Comptable,4 ans,D1406,Chef des ventes,,7,Master,,Division administrative et commerciale,"Sciences naturelles, Sciences humaines, Commerce",France,Déclaré,A,C,C,C,,Moyenne (permis B mais pas de voiture disponible ou utilisation de transports en communs)
1767511502974,Munoz,Victoire,Féminin,19861218,Espagne,BruneauBourg,Portugaise,résident,51,boulevard de Petitjean,8200,110801 Ettelbruck,Ettelbruck,Luxembourg,PA,Oui,False,Inconnu,False,False,,,,20251217,20260727,5223,M1203,Comptable,11 ans,,,,,,,7,Master,,Informatique,"Comptabilité, Sciences naturelles, Éducation sociale",Portugal,Homologué,C,C,A,,Russe: B,Limitée (pas de voiture et pas de transports en commun disponible)
2253580581750,Millet,Monique,Féminin,19841211,Somalie,Sainte Alex-la-Forêt,Italienne,résident,207,rue Charlotte Barthelemy,6500,110301 Differdange,Differdange,Luxembourg,Séparé,Inconnu,False,Inconnu,False,False,,,,,,,K2111,Formateur,,I1308,Technicien helpdesk,13 ans,,,,5,BTS,,Mécanique,"Droit, Mécanique",France,Vérifié,B,A,B,B,Portugais: C,Moyenne (permis B mais pas de voiture disponible ou utilisation de transports en communs)
4064505091219,Mathieu,Anastasie,Féminin,19891121,Pays-Bas,Saint Stéphanie,Belge,résident,3,rue Lambert,3600,111001 Wiltz,Wiltz,Belgique,Célibataire,Non,False,Inconnu,False,False,120 Carte de séjour UE,20240819,20271019,,,,N1103,Agent logistique,7 ans,,,,,,,7,Master,,Langues,"Droit, Sciences humaines, Informatique",France,Homologué,B,A,C,,Portugais: A,"Excellente (permis A, B et véhicule personnel)"
8922600849343,Joubert,Sébastien,Masculin,19680617,Belgique,Saint Valentine,Portugaise,résident,128,rue Tristan Perrier,9500,110101 Luxembourg,Luxembourg,Luxembourg,Célibataire,Inconnu,False,Inconnu,True,False,,,,,,,D1406,Responsable commercial,4 ans,M1607,Assistant administratif,,N1103,Préparateur de commandes,3 ans,2,Secondaire technique,9ème EST,,"Hôtellerie-Restauration, Mécanique",Royaume-Uni,A valider,B,A,B,C,Néerlandais: B,Moyenne (permis B mais pas de voiture disponible ou utilisation de transports en communs)
0112169454730,Morin,Manon,Féminin,19991212,Italie,Lucas,Afghane,résident,67,rue Baudry,1400,110901 Diekirch,Diekirch,Luxembourg,Inconnu,Inconnu,True,Atelier protégé,False,True,,,,,,,M1203,Assistant comptable,,,,,H2901,Mécanicien monteur,3 ans,7,Master,,Sciences naturelles,Langues,Pologne,Déclaré,B,C,C,B,Italien: B,Moyenne (permis B mais pas de voiture disponible ou utilisation de transports en communs)
1114628435337,Maillet,Charles,Masculin,20030818,Syrie,Sainte Arthurnec,Italienne,résident,217,avenue Dupuy,2700,110201 Esch-sur-Alzette,Esch-sur-Alzette,Allemagne,Divorcé,Non,False,Inconnu,False,False,,,,,,,J1501,Auxiliaire de vie,,,,,,,,1,Secondaire classique,5ème primaire,Électronique,Commerce,Pays-Bas,Vérifié,A,B,B,C,Portugais: A,Moyenne (permis B mais pas de voiture disponible ou utilisation de transports en communs)
0513144421466,Allain,Alain,Masculin,19560606,Allemagne,Sainte Franck,Polonaise,résident,133,avenue Antoine,7600,110201 Esch-sur-Alzette,Esch-sur-Alzette,Luxembourg,Séparé,Inconnu,False,Inconnu,False,False,130 Autorisation de séjour temporaire,20241124,20270924,,,,J1501,Auxiliaire de vie,0 ans,M1607,Secrétaire,3 ans,,,,2,Secondaire technique,2ème ESC,Droit,"Électronique, Éducation sociale, Commerce",Afghanistan,Déclaré,A,A,,C,Arabe: A,"Excellente (permis A, B et véhicule personnel)"
8367582603162,Paris,Valérie,Féminin,19710331,Royaume-Uni,Sainte ÉlisabethBourg,Belge,résident,237,avenue Leconte,2800,111001 Wiltz,Wiltz,Luxembourg,Inconnu,Oui,False,Inconnu,False,False,,,,,,,G1603,Employé de restauration,12 ans,,,,,,,4,Diplôme d'éducateur,,Sciences humaines,"Sciences humaines, Comptabilité",Royaume-Uni,Vérifié,A,,C,A,,"Excellente (permis A, B et véhicule personnel)"
9341164546694,Gomez,Gilles,Masculin,19790403,Syrie,Léger,Italienne,inconnu,198,rue Joseph,9200,110701 Remich,Remich,Allemagne,Inconnu,Non,False,Inconnu,True,False,,,,,,,M1607,Assistant administratif,10 ans,I1308,Technicien helpdesk,1 ans,,,,0,Secondaire classique,2ème ESC,Éducation sociale,"Mécanique, Comptabilité",Royaume-Uni,Reconnu,B,,A,C,,Limitée (pas de voiture et pas de transports en commun disponible)
6178459801058,Besson,Anne,Féminin,19820722,Érythrée,Pelletier,Afghane,résident,31,avenue Paulette Meyer,2500,110301 Differdange,Differdange,Luxembourg,Inconnu,Non,False,Inconnu,True,False,120 Carte de séjour UE,20230602,20271222,20240325,20261022,2310,N1103,Magasinier,1 ans,I1308,Technicien helpdesk,5 ans,,,,3,DAP,,Mécanique,"Sciences humaines, Informatique, Éducation sociale",France,Homologué,B,C,B,B,,Limitée (pas de voiture et pas de transports en commun disponible)
3969285504495,Perez,Gabrielle,Féminin,19870113,Luxembourg,Hésperange,Française,résident,227,avenue Bonnin,8000,110401 Dudelange,Dudelange,Luxembourg,Inconnu,Oui,False,Inconnu,False,False,,,,,,,I1308,Support informatique,,K1207,Éducateur,13 ans,G1603,Agent de restauration,3 ans,1,Secondaire technique,5ème primaire,,"Comptabilité, Soins infirmiers",Allemagne,Reconnu,C,A,B,B,Espagnol: B,"Excellente (permis A, B et véhicule personnel)"
3892985702166,Thierry,Jacqueline,Féminin,19530504,Somalie,Sainte Anoukdan,Espagnole,résident,167,chemin Margot Langlois,2400,110401 Dudelange,Dudelange,Luxembourg,Célibataire,Oui,False,Inconnu,False,False,065 Membre de famille (UE avec hors UE),20240321,20270627,,,,K2111,Formateur,4 ans,K1207,Animateur social,1 ans,,,,0,Secondaire classique,5ème primaire,,Éducation sociale,Pays-Bas,Déclaré,B,,B,,,"Excellente (permis A, B et véhicule personnel)"
0203092453520,Pasquier,Olivier,Masculin,19610819,Italie,CouturierVille,Luxembourgeoise,résident,6,boulevard Emmanuelle Hamel,8000,111001 Wiltz,Wiltz,Allemagne,PA,Non,False,Inconnu,True,False,,,,20240705,20260910,2320,J1501,Aide-soignant,3 ans,M1607,Secrétaire,12 ans,,,,3,CATP,,Électronique,"Droit, Mécanique, Sciences naturelles",Pologne,Homologué,C,A,,,Arabe: C,"Excellente (permis A, B et véhicule personnel)"
7555825550728,Roux,Agathe,Féminin,19690813,Syrie,Leroy,Italienne,non-résident,250,rue Pruvost,7400,111001 Wiltz,Wiltz,France,Divorcé,Inconnu,False,Inconnu,False,False,,,,,,,G1603,Serveur,,,,,D1406,Chef des ventes,,0,Secondaire classique,5ème primaire,Division administrative et commerciale,"Informatique, Commerce",Pologne,A valider,B,,C,A,,Moyenne (permis B mais pas de voiture disponible ou utilisation de transports en communs)
3964444328699,Vidal,Marc,Masculin,19830318,Allemagne,Fabre-sur-Mer,Érythréenne,non-résident,76,rue de Lemonnier,8800,110801 Ettelbruck,Ettelbruck,Belgique,Inconnu,Non,True,Marché ordinaire,False,True,,,,,,,I1308,Technicien support,19 ans,D1406,Responsable commercial,6 ans,,,,4,Brevet de maîtrise,,Électronique,"Mécanique, Comptabilité, Sciences naturelles",Espagne,Vérifié,A,B,,B,,Limitée pour des raisons psychiques et/ou physiques (durée de trajet restreinte)
1674976373485,Buisson,Henri,Masculin,19920424,Pays-Bas,ValentinVille,Somalienne,résident,210,rue Joseph,8400,110502 Echternach,Echternach,Luxembourg,Célibataire,Inconnu,False,Inconnu,False,False,,,,,,,H2901,Monteur,13 ans,N1103,Préparateur de commandes,6 ans,M1607,Secrétaire,10 ans,4,Diplôme d'éducateur,,Hôtellerie-Restauration,"Division administrative et commerciale, Soins infirmiers",France,Vérifié,B,B,A,,,Limitée pour des raisons psychiques et/ou physiques (durée de trajet restreinte)
6430036436086,Bourgeois,Frédérique,Féminin,19530902,Espagne,Colin-la-Forêt,Espagnole,résident,232,avenue Evrard,5100,110502 Echternach,Echternach,Allemagne,Divorcé,Oui,False,Inconnu,True,False,120 Carte de séjour UE,20240321,20270812,,,,M1203,Aide-comptable,12 ans,K2111,Formateur professionnel,13 ans,G1603,Agent de restauration,,8,PhD,,,Sciences naturelles,Érythrée,A valider,C,,B,C,Néerlandais: C,Limitée pour des raisons psychiques et/ou physiques (durée de trajet restreinte)
0806397723475,Auger,Olivie,Féminin,20000423,Espagne,Sainte Renée,Polonaise,non-résident,217,avenue Patrick Meunier,9400,110601 Grevenmacher,Grevenmacher,Allemagne,Marié,Inconnu,False,Inconnu,True,False,,,,,,,M1607,Secrétaire,1 ans,,,,G1603,Employé de restauration,,4,Brevet de maîtrise,,Soins infirmiers,"Commerce, Économie",Royaume-Uni,Vérifié,B,,C,A,,Moyenne (permis B mais pas de voiture disponible ou utilisation de transports en communs)
3126508962477,Diallo,Thierry,Masculin,19990826,Allemagne,Normand,Afghane,résident,241,rue Isabelle Marie,8500,110502 Echternach,Echternach,Luxembourg,PA,Oui,True,Marché ordinaire,False,False,,,,,,,D1406,Commercial,5 ans,M1203,Comptable,,,,,2,Secondaire technique,9ème EST,Sciences humaines,Comptabilité,Pologne,A valider,C,C,C,B,,Limitée (pas de voiture et pas de transports en commun disponible)
0870156027102,Moreau,Alix,Féminin,19780910,Portugal,Ramosboeuf,Espagnole,résident,8,avenue de Hernandez,9700,110201 Esch-sur-Alzette,Esch-sur-Alzette,France,Divorcé,Inconnu,True,Inconnu,False,False,100 Protection internationale (BPI),20240802,20271228,20251230,20260820,5120,J1501,Aide-soignant,1 ans,M1203,Comptable,6 ans,,,,6,Bachelor,,Hôtellerie-Restauration,"Mécanique, Commerce, Électronique",Pologne,Homologué,C,B,A,,,Limitée pour des raisons psychiques et/ou physiques (durée de trajet restreinte)
4420766702359,Lebreton,Margaud,Féminin,19820522,Somalie,Pelletierboeuf,Française,résident,38,rue Lejeune,6800,110901 Diekirch,Diekirch,Luxembourg,Divorcé,Oui,False,Inconnu,False,False,,,,,,,K1207,Animateur social,7 ans,H2901,Ajusteur-monteur,10 ans,,,,2,Secondaire classique,9ème EST,Comptabilité,"Électronique, Sciences humaines",France,Reconnu,A,C,,C,,Limitée (pas de voiture et pas de transports en commun disponible)
6795763583926,Lamy,Martin,Masculin,19810704,Afghanistan,Gautierboeuf,Érythréenne,résident,32,chemin Audrey Perrot,9900,110401 Dudelange,Dudelange,Allemagne,Divorcé,Inconnu,False,Inconnu,True,False,,,,,,,N1103,Magasinier,0 ans,K2111,Formateur,,,,,6,Bachelor,,,"Droit, Sciences naturelles",Roumanie,Homologué,B,A,A,,,Limitée (pas de voiture et pas de transports en commun disponible)
1243885481287,Masson,Jules,Masculin,19550118,Portugal,Merle,Italienne,inconnu,223,chemin de Letellier,6500,110101 Luxembourg,Luxembourg,Belgique,Séparé,Non,False,Inconnu,False,False,,,,,,,M1203,Comptable,5 ans,K2111,Formateur,,M1607,Assistant administratif,8 ans,5,BTS,,Informatique,Hôtellerie-Restauration,Espagne,Vérifié,B,B,A,B,,Limitée (pas de voiture et pas de transports en commun disponible)
9554341751151,Lefèvre,Alexandria,Féminin,19520513,Luxembourg,Dudelange,Belge,inconnu,61,boulevard Camille Pinto,5400,110401 Dudelange,Dudelange,Luxembourg,Divorcé,Non,False,Inconnu,False,False,,,,,,,I1308,Technicien helpdesk,12 ans,,,,,,,6,Bachelor,,Éducation sociale,"Sciences naturelles, Mécanique",Allemagne,Déclaré,C,,B,A,,Limitée (pas de voiture et pas de transports en commun disponible)
5408275374353,Godard,Gilbert,Masculin,19541106,Afghanistan,Sancheznec,Portugaise,résident,186,avenue de Faivre,2300,110201 Esch-sur-Alzette,Esch-sur-Alzette,Allemagne,Séparé,Oui,True,Marché ordinaire,False,False,,,,,,,H2901,Ajusteur-monteur,20 ans,M1203,Assistant comptable,,,,,7,Master,,,Comptabilité,Luxembourg,A valider,B,A,A,,Italien: C,Limitée pour des raisons psychiques et/ou physiques (durée de trajet restreinte)
9894664119515,Tanguy,Victoire,Féminin,19560131,Pologne,Guillot,Portugaise,résident,99,rue de Samson,2500,110901 Diekirch,Diekirch,Allemagne,PA,Non,True,Inconnu,False,False,,,,20250124,20261023,5120,K1207,Éducateur spécialisé,6 ans,,,,,,,1,,2ème ESC,,"Informatique, Commerce, Langues",Italie,Reconnu,B,C,A,C,Espagnol: C,Moyenne (permis B mais pas de voiture disponible ou utilisation de transports en communs)
9078857085792,Laine,Laure,Féminin,19530923,Érythrée,Allain,Française,résident,224,avenue de Cousin,6400,110201 Esch-sur-Alzette,Esch-sur-Alzette,Luxembourg,Veuf,Non,False,Inconnu,True,False,,,,,,,M1203,Comptable,9 ans,I1308,Technicien support,10 ans,,,,3,DT,,Comptabilité,"Économie, Droit, Sciences humaines",Portugal,Vérifié,B,,A,C,,Limitée pour des raisons psychiques et/ou physiques (durée de trajet restreinte)
2216582612518,Marie,Isaac,Masculin,20000408,Roumanie,Nicolas,Roumaine,non-résident,80,chemin Carre,3500,110801 Ettelbruck,Ettelbruck,Allemagne,Célibataire,Oui,True,Inconnu,False,False,,,,,,,K2111,Formateur,,,,,,,,1,Secondaire classique,5ème primaire,Hôtellerie-Restauration,Comptabilité,Luxembourg,Reconnu,B,B,A,B,,Moyenne (permis B mais pas de voiture disponible ou utilisation de transports en communs)
3203514188654,Benoit,Mathilde,Féminin,19750310,Érythrée,BrunVille,Somalienne,non-résident,44,boulevard de Lemaître,2200,110901 Diekirch,Diekirch,Luxembourg,Célibataire,Oui,False,Inconnu,False,False,,,,,,,K1207,Animateur social,17 ans,J1501,Aide-soignant,,M1203,Aide-comptable,8 ans,7,Master,,Sciences naturelles,"Mécanique, Commerce",Érythrée,Vérifié,B,,A,B,,Limitée pour des raisons psychiques et/ou physiques (durée de trajet restreinte)
5376535853770,Laroche,Noémi,Féminin,19531129,Portugal,Pruvost-sur-Lucas,Française,résident,66,avenue de Rivière,5000,111001 Wiltz,Wiltz,France,Séparé,Oui,True,Inconnu,False,False,065 Membre de famille (UE avec hors UE),20240807,20270709,,,,M1607,Secrétaire juridique,,K1207,Éducateur,,N1103,Agent logistique,10 ans,7,Master,,Éducation sociale,"Sciences naturelles, Langues",France,A valider,C,A,A,,Espagnol: C,Limitée pour des raisons psychiques et/ou physiques (durée de trajet restreinte)
2357424235763,Renaud,Jacques,Masculin,20030526,Pologne,Saint Laure,Portugaise,non-résident,125,rue de Delmas,8300,110301 Differdange,Differdange,Luxembourg,Marié,Inconnu,True,Inconnu,False,True,109 Protection temporaire (BPT),20241015,20280115,,,,G1603,Agent de restauration,1 ans,J1501,Aide-soignant,12 ans,,,,3,DAP,,Mécanique,"Division administrative et commerciale, Soins infirmiers, Sciences naturelles",Allemagne,Reconnu,B,A,C,,,"Excellente (permis A, B et véhicule personnel)"
0203553371327,Guillet,Franck,Masculin,19940623,Pays-Bas,Sainte Célina-sur-Mer,Belge,non-résident,78,rue Moreau,5800,110101 Luxembourg,Luxembourg,France,PA,Oui,False,Inconnu,False,True,,,,,,,K2111,Formateur,,,,,,,,4,Diplôme d'éducateur,,Commerce,"Droit, Électronique",Pologne,Déclaré,B,A,B,C,,Moyenne (permis B mais pas de voiture disponible ou utilisation de transports en communs)
4397099586522,Bourgeois,Franck,Masculin,19790312,Luxembourg,Ettelbruck,Britannique,résident,171,rue Christiane Royer,3000,110601 Grevenmacher,Grevenmacher,Luxembourg,Veuf,Non,False,Inconnu,False,False,,,,,,,M1203,Aide-comptable,20 ans,D1406,Commercial,,,,,5,BTS,,Mécanique,"Électronique, Hôtellerie-Restauration, Mécanique",Espagne,A valider,B,,A,,,Moyenne (permis B mais pas de voiture disponible ou utilisation de transports en communs)
5343156649989,Roger,Arthur,Masculin,19661212,Pologne,Laine,Polonaise,résident,55,rue de Mercier,9900,111001 Wiltz,Wiltz,Belgique,Inconnu,Non,False,Inconnu,False,False,,,,,,,J1501,Aide-soignant,2 ans,,,,,,,5,BTS,,Langues,Droit,Belgique,Vérifié,C,A,,,Portugais: B,"Excellente (permis A, B et véhicule personnel)"
1530644663946,Chrétien,Laurent,Masculin,19761209,Luxembourg,Clervaux,Belge,résident,105,rue Élisabeth Lefèvre,1800,110401 Dudelange,Dudelange,Belgique,Séparé,Oui,False,Inconnu,False,False,,,,,,,G1603,Employé de restauration,,,,,,,,1,,9ème EST,Soins infirmiers,Comptabilité,Portugal,Vérifié,C,C,B,B,,Limitée (pas de voiture et pas de transports en commun disponible)
6943321327312,Lefebvre,Inès,Féminin,19640823,France,Munoz,Polonaise,inconnu,80,boulevard Charles Prévost,5400,110901 Diekirch,Diekirch,Luxembourg,Marié,Inconnu,False,Inconnu,False,False,,,,20240205,20261211,2310,K1207,Animateur social,20 ans,K2111,Formateur professionnel,7 ans,,,,2,Secondaire technique,12ème EST,Hôtellerie-Restauration,"Éducation sociale, Division administrative et commerciale",Allemagne,Vérifié,B,,A,B,Portugais: B,Limitée pour des raisons psychiques et/ou physiques (durée de trajet restreinte)
0696789858226,Charpentier,Marine,Féminin,19941229,Royaume-Uni,Launay-sur-Fournier,Portugaise,résident,12,boulevard Clément,5800,110201 Esch-sur-Alzette,Esch-sur-Alzette,Luxembourg,Célibataire,Inconnu,False,Inconnu,False,False,065 Membre de famille (UE avec hors UE),20250927,20271111,,,,J1501,Infirmier,10 ans,H2901,Monteur,10 ans,G1603,Serveur,3 ans,4,Diplôme d'éducateur,,Mécanique,"Sciences humaines, Droit",Roumanie,Reconnu,B,C,A,,,Limitée (pas de voiture et pas de transports en commun disponible)
3957853820603,Nicolas,Arthur,Masculin,19881213,Érythrée,Sainte Léon,Afghane,résident,76,rue Vidal,5000,110901 Diekirch,Diekirch,Luxembourg,Veuf,Non,False,Inconnu,False,False,,,,,,,K2111,Formateur,3 ans,,,,,,,6,Bachelor,,Sciences humaines,"Sciences naturelles, Informatique, Langues",Espagne,Reconnu,B,,A,B,,"Excellente (permis A, B et véhicule personnel)"
6606180665063,Boulanger,Agnès,Féminin,19570218,Espagne,Riou,Néerlandaise,inconnu,60,boulevard Marc Lefebvre,6600,111001 Wiltz,Wiltz,France,Veuf,Non,False,Inconnu,True,False,,,,20241229,20261023,2411,M1203,Comptable,9 ans,H2901,Monteur,2 ans,D1406,Chef des ventes,,5,BTS,,Économie,Sciences humaines,Roumanie,A valider,A,A,A,,,Limitée (pas de voiture et pas de transports en commun disponible)
0957497545887,Clerc,Bernadette,Féminin,19860728,Syrie,Alexandreboeuf,Afghane,non-résident,97,avenue Christelle Cordier,7700,110801 Ettelbruck,Ettelbruck,Belgique,Veuf,Non,False,Inconnu,False,False,,,,,,,D1406,Commercial,,K2111,Formateur,,,,,3,CATP,,Mécanique,"Soins infirmiers, Économie, Éducation sociale",Espagne,A valider,C,,C,C,,Limitée pour des raisons psychiques et/ou physiques (durée de trajet restreinte)
9127287899239,Marion,Audrey,Féminin,19600910,Portugal,PerrinVille,Syrienne,non-résident,129,chemin Da Costa,7800,110901 Diekirch,Diekirch,Luxembourg,Marié,Inconnu,False,Inconnu,False,False,,,,,,,G1603,Employé de restauration,13 ans,,,,,,,5,BTS,,Soins infirmiers,Commerce,Belgique,Homologué,B,,A,,,"Excellente (permis A, B et véhicule personnel)"
2188927257998,Lacroix,Alex,Féminin,19800220,Somalie,Da Costa,Portugaise,résident,194,rue Carre,2000,110901 Diekirch,Diekirch,Belgique,Divorcé,Inconnu,False,Inconnu,False,False,,,,,,,D1406,Chef des ventes,3 ans,,,,N1103,Magasinier,,0,Secondaire classique,5ème primaire,,Soins infirmiers,Belgique,Homologué,B,A,A,B,,Limitée pour des raisons psychiques et/ou physiques (durée de trajet restreinte)
6578233713864,Gauthier,Michelle,Féminin,19750620,Afghanistan,Sainte Joséphine-les-Bains,Somalienne,inconnu,54,rue de Fabre,9400,110101 Luxembourg,Luxembourg,Luxembourg,Inconnu,Non,True,Marché ordinaire,False,False,,,,,,,K2111,Conseiller en formation,,M1203,Assistant comptable,11 ans,,,,5,BTS,,Comptabilité,"Électronique, Hôtellerie-Restauration",Portugal,Reconnu,C,B,B,C,Néerlandais: A,Limitée pour des raisons psychiques et/ou physiques (durée de trajet restreinte)
2852235475557,Becker,Joséphine,Féminin,19770330,Somalie,Dubois,Portugaise,résident,79,chemin Gabriel Delorme,4500,110401 Dudelange,Dudelange,France,Célibataire,Inconnu,False,Inconnu,False,False,120 Carte de séjour UE,20251122,20270325,,,,M1203,Assistant comptable,6 ans,,,,,,,1,Secondaire classique,2ème ESC,Droit,"Division administrative et commerciale, Économie, Sciences naturelles",France,Vérifié,B,C,,A,,"Excellente (permis A, B et véhicule personnel)"
6151886260326,Blondel,Zoé,Féminin,19661114,Espagne,Weiss,Néerlandaise,non-résident,62,rue de Fontaine,6800,110401 Dudelange,Dudelange,Luxembourg,Séparé,Inconnu,False,Inconnu,False,False,,,,,,,I1308,Support informatique,8 ans,K2111,Formateur,,,,,7,Master,,Sciences humaines,"Comptabilité, Mécanique, Sciences humaines",Italie,A valider,A,A,B,A,,Limitée pour des raisons psychiques et/ou physiques (durée de trajet restreinte)
4009148146477,Girard,Aimé,Masculin,19560514,Pologne,Thomas,Belge,résident,101,rue Guillaume Navarro,2500,110801 Ettelbruck,Ettelbruck,France,Inconnu,Oui,False,Inconnu,False,False,,,,,,,J1501,Aide-soignant,6 ans,,,,,,,8,PhD,,Soins infirmiers,Droit,Roumanie,Homologué,B,A,A,A,Espagnol: A,Limitée pour des raisons psychiques et/ou physiques (durée de trajet restreinte)
2868984277154,Carpentier,Philippe,Masculin,20051126,Royaume-Uni,Jacobboeuf,Polonaise,résident,200,rue Éléonore Tanguy,5500,110901 Diekirch,Diekirch,Luxembourg,Inconnu,Inconnu,True,Atelier protégé,False,False,,,,,,,G1603,Agent de restauration,15 ans,,,,,,,1,Secondaire technique,12ème EST,Mécanique,Soins infirmiers,Érythrée,Vérifié,C,A,A,A,,"Excellente (permis A, B et véhicule personnel)"
2787811853208,Marty,Alfred,Masculin,19980303,Espagne,Saint Thomas,Espagnole,résident,113,rue de Mace,8900,110502 Echternach,Echternach,Luxembourg,Divorcé,Oui,False,Inconnu,False,False,,,,,,,N1103,Préparateur de commandes,,D1406,Chef des ventes,,,,,5,BTS,,Droit,"Division administrative et commerciale, Langues, Hôtellerie-Restauration",Somalie,A valider,B,,C,,,Limitée (pas de voiture et pas de transports en commun disponible)
1703618835681,Julien,Bertrand,Masculin,19840911,Portugal,Verdier-sur-Mer,Luxembourgeoise,résident,183,rue Élodie Weiss,1300,111001 Wiltz,Wiltz,Luxembourg,Séparé,Non,False,Inconnu,True,False,,,,,,,H2901,Monteur,,,,,,,,2,Secondaire classique,5ème primaire,Sciences humaines,"Division administrative et commerciale, Sciences naturelles, Hôtellerie-Restauration",Pologne,Reconnu,A,B,A,,,Limitée (pas de voiture et pas de transports en commun disponible)
1724812597002,Mendès,Isaac,Masculin,19590807,Érythrée,Renault-la-Forêt,Érythréenne,non-résident,174,rue René Albert,6400,110601 Grevenmacher,Grevenmacher,France,Divorcé,Inconnu,False,Inconnu,False,False,,,,,,,K2111,Conseiller en formation,16 ans,D1406,Chef des ventes,,,,,8,PhD,,,Éducation sociale,Espagne,Homologué,B,C,A,A,Russe: A,Limitée pour des raisons psychiques et/ou physiques (durée de trajet restreinte)
2486147434688,Guillet,Christophe,Masculin,19991026,Afghanistan,Rémy-sur-Moreau,Italienne,résident,111,chemin Brunel,4200,110502 Echternach,Echternach,Allemagne,Inconnu,Non,False,Inconnu,False,True,,,,,,,D1406,Responsable commercial,6 ans,,,,,,,3,DT,,Sciences humaines,"Soins infirmiers, Division administrative et commerciale",France,Vérifié,C,C,C,,,Limitée (pas de voiture et pas de transports en commun disponible)
8853101192821,Hubert,Christiane,Féminin,19670906,Pologne,Salmon,Espagnole,inconnu,107,rue Mathieu,3100,110301 Differdange,Differdange,Luxembourg,Veuf,Non,False,Inconnu,True,False,,,,20250225,20261113,5223,D1406,Chef des ventes,,,,,J1501,Aide-soignant,4 ans,6,Bachelor,,Sciences humaines,"Soins infirmiers, Commerce, Droit",Allemagne,Vérifié,B,A,C,C,,"Excellente (permis A, B et véhicule personnel)"
1838903306255,Grégoire,Michelle,Féminin,20040223,Roumanie,Sainte Jeannec,Syrienne,résident,130,boulevard Adam,3300,110401 Dudelange,Dudelange,Allemagne,Marié,Oui,False,Inconnu,False,False,130 Autorisation de séjour temporaire,20240311,20270516,,,,K2111,Formateur,20 ans,G1603,Agent de restauration,3 ans,,,,5,BTS,,Économie,"Éducation sociale, Hôtellerie-Restauration, Électronique",Royaume-Uni,Vérifié,B,B,B,B,,Limitée (pas de voiture et pas de transports en commun disponible)
2898876284833,Alexandre,Édith,Féminin,19540416,Luxembourg,Luxembourg,Espagnole,résident,238,avenue de Guillon,7800,110801 Ettelbruck,Ettelbruck,Allemagne,Séparé,Non,False,Inconnu,True,False,,,,,,,K1207,Animateur social,6 ans,,,,D1406,Responsable commercial,,3,CATP,,,"Langues, Sciences humaines, Économie",Roumanie,A valider,C,B,B,,Espagnol: B,Limitée (pas de voiture et pas de transports en commun disponible)
1182119852104,Muller,Vincent,Masculin,19760522,Érythrée,Guérin,Somalienne,non-résident,145,boulevard de Couturier,8200,110701 Remich,Remich,Luxembourg,Célibataire,Non,False,Inconnu,False,True,,,,,,,M1607,Secrétaire juridique,8 ans,D1406,Chef des ventes,15 ans,,,,7,Master,,Éducation sociale,"Éducation sociale, Sciences humaines",Pologne,Déclaré,C,C,C,C,,Moyenne (permis B mais pas de voiture disponible ou utilisation de transports en communs)
3234870452705,Gomes,Sébastien,Masculin,19920105,Somalie,Guyon-sur-Mer,Italienne,inconnu,222,boulevard Brigitte Baron,3300,110901 Diekirch,Diekirch,Luxembourg,Séparé,Inconnu,False,Inconnu,False,False,,,,,,,H2901,Monteur,10 ans,,,,,,,1,Secondaire technique,12ème EST,Électronique,"Hôtellerie-Restauration, Sciences humaines, Informatique",Allemagne,Vérifié,C,B,B,A,,Limitée (pas de voiture et pas de transports en commun disponible)
8369731199108,Blanc,Jeanne,Féminin,19650622,France,Chevalier,Érythréenne,inconnu,115,rue Jacquet,7300,110201 Esch-sur-Alzette,Esch-sur-Alzette,Allemagne,Divorcé,Oui,False,Inconnu,False,False,065 Membre de famille (UE avec hors UE),20250331,20270305,,,,G1603,Agent de restauration,1 ans,K2111,Formateur,,,,,1,,9ème EST,Électronique,"Électronique, Commerce, Sciences naturelles",Pologne,A valider,B,,,B,Portugais: A,"Excellente (permis A, B et véhicule personnel)"
7193840428380,Marques,Victoire,Féminin,19680316,Syrie,Jourdan,Érythréenne,résident,84,rue de Pons,5800,110701 Remich,Remich,Allemagne,Divorcé,Non,False,Inconnu,False,False,,,,,,,K2111,Formateur professionnel,1 ans,J1501,Aide-soignant,14 ans,,,,3,CATP,,Langues,"Commerce, Mécanique",Italie,Déclaré,A,A,A,C,,Limitée pour des raisons psychiques et/ou physiques (durée de trajet restreinte)
2000893035107,Potier,Chantal,Féminin,19520907,Somalie,Saint Tristan,Roumaine,résident,206,avenue Renée Launay,2500,111001 Wiltz,Wiltz,Allemagne,Célibataire,Non,False,Inconnu,False,False,,,,,,,J1501,Aide-soignant,9 ans,,,,N1103,Agent logistique,,1,Secondaire technique,2ème ESC,Économie,"Mécanique, Informatique, Commerce",Espagne,A valider,B,C,C,A,,Limitée pour des raisons psychiques et/ou physiques (durée de trajet restreinte)
3395530466137,Lopez,Pénélope,Féminin,19960625,Allemagne,Leconte,Portugaise,résident,208,chemin de Gomez,9600,111001 Wiltz,Wiltz,Luxembourg,Séparé,Non,False,Inconnu,False,False,,,,20251229,20260819,5223,N1103,Préparateur de commandes,13 ans,K2111,Formateur professionnel,3 ans,,,,4,Diplôme d'éducateur,,,"Mécanique, Soins infirmiers, Hôtellerie-Restauration",France,Déclaré,A,C,A,B,Russe: A,Moyenne (permis B mais pas de voiture disponible ou utilisation de transports en communs)
4401999150860,Joly,Thomas,Masculin,19971101,Portugal,Bigot-sur-Carre,Portugaise,résident,57,rue Meyer,7100,110201 Esch-sur-Alzette,Esch-sur-Alzette,France,PA,Oui,False,Inconnu,True,False,,,,,,,G1603,Agent de restauration,5 ans,,,,I1308,Technicien support,7 ans,5,BTS,,,Langues,Roumanie,Vérifié,C,C,A,C,Russe: B,"Excellente (permis A, B et véhicule personnel)"
1064433787751,Leduc,Eugène,Masculin,20010427,Pays-Bas,Sainte Isaacdan,Néerlandaise,non-résident,88,boulevard Roger Foucher,4800,110801 Ettelbruck,Ettelbruck,Luxembourg,Séparé,Oui,False,Inconnu,False,False,,,,,,,D1406,Commercial,4 ans,,,,,,,7,Master,,Économie,"Sciences humaines, Langues",Royaume-Uni,Homologué,C,B,,A,Espagnol: B,"Excellente (permis A, B et véhicule personnel)"
2815651729125,Gautier,Franck,Masculin,19540822,France,Sainte Pénélopeboeuf,Portugaise,résident,94,rue Georges,3700,111001 Wiltz,Wiltz,Allemagne,Célibataire,Non,False,Inconnu,False,False,,,,20240301,20261216,5223,G1603,Employé de restauration,10 ans,K1207,Éducateur spécialisé,,,,,5,BTS,,Sciences humaines,Mécanique,Érythrée,Vérifié,A,C,A,A,,Limitée (pas de voiture et pas de transports en commun disponible)
8592683632559,Brun,Auguste,Masculin,19540220,Syrie,Chauvet,Espagnole,inconnu,205,rue Ribeiro,9500,110901 Diekirch,Diekirch,Luxembourg,Divorcé,Inconnu,False,Inconnu,False,False,,,,,,,M1607,Secrétaire juridique,7 ans,,,,,,,5,BTS,,Division administrative et commerciale,"Division administrative et commerciale, Informatique",Pologne,Déclaré,B,C,A,,,Limitée pour des raisons psychiques et/ou physiques (durée de trajet restreinte)
8162166744793,Brunet,Patrick,Masculin,19931030,Luxembourg,Grevenmacher,Érythréenne,inconnu,57,avenue de Blanc,5000,110801 Ettelbruck,Ettelbruck,Luxembourg,Inconnu,Oui,False,Inconnu,False,False,,,,,,,J1501,Infirmier,18 ans,,,,H2901,Mécanicien monteur,,1,Secondaire classique,12ème EST,,Sciences humaines,Luxembourg,Reconnu,C,C,A,B,,Moyenne (permis B mais pas de voiture disponible ou utilisation de transports en communs)
0714055359262,Le Gall,Laurent,Masculin,19630627,Pologne,Denis,Somalienne,résident,77,rue Thérèse Giraud,4500,111001 Wiltz,Wiltz,France,Célibataire,Inconnu,False,Inconnu,False,False,,,,20240607,20261116,2412,N1103,Préparateur de commandes,18 ans,,,,K1207,Éducateur spécialisé,0 ans,4,Brevet de maîtrise,,Informatique,Électronique,France,Homologué,A,,,C,Néerlandais: A,Limitée pour des raisons psychiques et/ou physiques (durée de trajet restreinte)
1830317959806,Lelièvre,Agathe,Féminin,19700702,Afghanistan,Hebert-sur-Mer,Luxembourgeoise,résident,125,rue Deschamps,9200,110401 Dudelange,Dudelange,France,Inconnu,Oui,True,Marché ordinaire,False,True,,,,,,,I1308,Technicien support,8 ans,M1203,Assistant comptable,6 ans,,,,0,Secondaire classique,5ème primaire,Comptabilité,"Commerce, Électronique, Comptabilité",Italie,Vérifié,B,B,A,,,Limitée pour des raisons psychiques et/ou physiques (durée de trajet restreinte)
8180752553079,Perret,Marcel,Masculin,20050902,Belgique,Sainte Émilie-sur-Mer,Belge,résident,213,boulevard André Parent,1800,110201 Esch-sur-Alzette,Esch-sur-Alzette,France,Divorcé,Oui,False,Inconnu,False,False,,,,,,,D1406,Chef des ventes,3 ans,M1607,Secrétaire,,H2901,Monteur,,0,,12ème EST,Soins infirmiers,"Électronique, Comptabilité",Espagne,A valider,C,B,A,,,Limitée pour des raisons psychiques et/ou physiques (durée de trajet restreinte)
5387720913392,Texier,Aimée,Féminin,19810703,Somalie,RodriguesVille,Roumaine,résident,107,avenue Yves Martinez,8100,110301 Differdange,Differdange,Allemagne,PA,Inconnu,False,Inconnu,True,False,,,,20240510,20270113,1211,G1603,Employé de restauration,,,,,,,,1,Secondaire classique,9ème EST,Comptabilité,Hôtellerie-Restauration,Somalie,Homologué,B,,B,B,,"Excellente (permis A, B et véhicule personnel)"
2403874078444,Lebreton,Caroline,Féminin,19700225,Espagne,PichonBourg,Luxembourgeoise,résident,213,boulevard Pineau,8300,110201 Esch-sur-Alzette,Esch-sur-Alzette,Luxembourg,Inconnu,Inconnu,False,Inconnu,False,True,,,,20250911,20261024,2412,G1603,Agent de restauration,,D1406,Chef des ventes,14 ans,,,,6,Bachelor,,Économie,"Droit, Éducation sociale",France,A valider,A,B,A,C,,Limitée (pas de voiture et pas de transports en commun disponible)
8879269451420,Lefèvre,Nathalie,Féminin,19940222,Italie,Saint Marine,Britannique,résident,78,rue Hugues Rivière,9000,110401 Dudelange,Dudelange,France,Marié,Oui,False,Inconnu,False,True,,,,,,,I1308,Technicien support,5 ans,,,,,,,4,Diplôme d'éducateur,,Informatique,"Éducation sociale, Économie",Pays-Bas,Déclaré,C,C,,B,,Moyenne (permis B mais pas de voiture disponible ou utilisation de transports en communs)
8335029684985,Legrand,Gabrielle,Féminin,19630825,Pays-Bas,Saint Bernadette-les-Bains,Érythréenne,résident,228,rue Alexandre Riou,5100,110401 Dudelange,Dudelange,France,Inconnu,Non,True,Atelier protégé,False,False,065 Membre de famille (UE avec hors UE),20240131,20280120,,,,D1406,Responsable commercial,,K1207,Éducateur,14 ans,,,,0,,5ème primaire,,"Éducation sociale, Économie",Érythrée,A valider,C,A,,C,,Moyenne (permis B mais pas de voiture disponible ou utilisation de transports en communs)
7114905260751,Mendès,Luc,Masculin,19671229,Érythrée,Gallet-sur-Guillet,Allemande,résident,147,avenue Éléonore Bonnet,3600,110101 Luxembourg,Luxembourg,France,PA,Non,False,Inconnu,False,False,100 Protection internationale (BPI),20230925,20270528,,,,D1406,Commercial,18 ans,K2111,Conseiller en formation,,,,,3,DT,,Soins infirmiers,Économie,Afghanistan,Déclaré,B,,,,,Limitée pour des raisons psychiques et/ou physiques (durée de trajet restreinte)
5929097458982,Bouvet,Antoine,Masculin,19681109,Somalie,Sainte Alex,Syrienne,résident,68,rue Caron,6600,110502 Echternach,Echternach,Luxembourg,Veuf,Inconnu,False,Inconnu,False,False,065 Membre de famille (UE avec hors UE),20230720,20270922,,,,I1308,Support informatique,,,,,K1207,Éducateur,8 ans,4,Brevet de maîtrise,,Éducation sociale,"Économie, Commerce, Électronique",Roumanie,Reconnu,B,C,,C,,"Excellente (permis A, B et véhicule personnel)"
6741296269602,Aubry,Thibault,Masculin,19830704,Somalie,Carondan,Roumaine,résident,89,rue Baudry,7300,110901 Diekirch,Diekirch,France,Marié,Non,False,Inconnu,False,False,120 Carte de séjour UE,20250708,20271229,,,,M1203,Aide-comptable,14 ans,,,,,,,3,DT,,Électronique,"Droit, Sciences naturelles, Soins infirmiers",Luxembourg,Déclaré,B,A,A,,,Limitée pour des raisons psychiques et/ou physiques (durée de trajet restreinte)
9905548660851,Pires,Margot,Féminin,19770407,Afghanistan,Martins,Française,non-résident,50,chemin Schmitt,3000,110201 Esch-sur-Alzette,Esch-sur-Alzette,France,Célibataire,Inconnu,False,Inconnu,False,False,,,,,,,K1207,Éducateur,11 ans,,,,,,,7,Master,,Informatique,"Économie, Droit",Belgique,Vérifié,B,C,A,A,Arabe: C,"Excellente (permis A, B et véhicule personnel)"
3053697774418,Martins,Jérôme,Masculin,19670620,Luxembourg,Rodange,Syrienne,non-résident,129,chemin Delmas,7600,110502 Echternach,Echternach,Luxembourg,Veuf,Non,False,Inconnu,True,True,109 Protection temporaire (BPT),20240413,20270719,,,,M1203,Comptable,,I1308,Support informatique,3 ans,,,,7,Master,,Hôtellerie-Restauration,"Informatique, Hôtellerie-Restauration",Portugal,Reconnu,B,B,C,C,,Limitée pour des raisons psychiques et/ou physiques (durée de trajet restreinte)
7611098717487,Hoarau,Gérard,Masculin,19940625,France,BesnardVille,Française,résident,142,rue Arnaude Millet,7800,110901 Diekirch,Diekirch,Luxembourg,Inconnu,Non,True,Inconnu,True,True,,,,20240303,20261114,4110,H2901,Monteur,3 ans,K1207,Éducateur spécialisé,,,,,7,Master,,,"Division administrative et commerciale, Informatique, Commerce",Syrie,Homologué,A,A,B,B,Néerlandais: A,Limitée (pas de voiture et pas de transports en commun disponible)
9866398877365,François,Noël,Masculin,20030517,Afghanistan,Sanchez,Roumaine,résident,14,chemin de Sauvage,7600,110101 Luxembourg,Luxembourg,Luxembourg,Marié,Inconnu,False,Inconnu,False,True,,,,20241124,20260729,2310,G1603,Serveur,4 ans,J1501,Aide-soignant,,,,,7,Master,,Éducation sociale,"Commerce, Division administrative et commerciale",Belgique,Déclaré,C,C,C,B,Italien: B,Limitée pour des raisons psychiques et/ou physiques (durée de trajet restreinte)
9485569073552,Perez,Aurore,Féminin,19660520,France,Girard,Afghane,résident,7,rue de Joubert,1800,110901 Diekirch,Diekirch,Belgique,Célibataire,Non,False,Inconnu,False,False,120 Carte de séjour UE,20240804,20271103,,,,K2111,Formateur professionnel,2 ans,,,,D1406,Chef des ventes,4 ans,7,Master,,Sciences humaines,"Éducation sociale, Informatique",Afghanistan,Déclaré,A,B,,A,,Moyenne (permis B mais pas de voiture disponible ou utilisation de transports en communs)
8378196183823,Raynaud,Anastasie,Féminin,19970307,Portugal,Lombard,Britannique,inconnu,219,rue Alexandrie Pineau,8400,111001 Wiltz,Wiltz,Belgique,Marié,Oui,False,Inconnu,False,False,,,,,,,H2901,Ajusteur-monteur,12 ans,M1607,Assistant administratif,,M1203,Aide-comptable,,8,PhD,,Comptabilité,"Électronique, Comptabilité, Informatique",Syrie,Vérifié,C,B,,B,,"Excellente (permis A, B et véhicule personnel)"
9304533315906,Valentin,Benoît,Masculin,19790520,Royaume-Uni,Julien,Belge,résident,151,rue Nathalie Georges,3400,110701 Remich,Remich,Belgique,Célibataire,Non,False,Inconnu,True,False,130 Autorisation de séjour temporaire,20251229,20270911,,,,N1103,Agent logistique,2 ans,,,,,,,8,PhD,,Division administrative et commerciale,Sciences humaines,Roumanie,Reconnu,C,B,A,C,Espagnol: B,Moyenne (permis B mais pas de voiture disponible ou utilisation de transports en communs)
7450625431702,Collet,Louise,Féminin,19550901,Royaume-Uni,Sainte NicolasBourg,Somalienne,résident,138,rue de Boyer,6400,111001 Wiltz,Wiltz,Luxembourg,Marié,Non,False,Inconnu,False,False,120 Carte de séjour UE,20260116,20270605,,,,J1501,Auxiliaire de vie,20 ans,,,,D1406,Responsable commercial,,7,Master,,,Droit,Afghanistan,Reconnu,B,A,,B,,"Excellente (permis A, B et véhicule personnel)"
7267221815006,Maillard,Marguerite,Féminin,19960205,Portugal,Gilbert,Érythréenne,résident,224,chemin Delattre,1800,110701 Remich,Remich,Allemagne,Inconnu,Inconnu,False,Inconnu,False,False,,,,,,,K1207,Éducateur spécialisé,17 ans,I1308,Support informatique,,H2901,Mécanicien monteur,,3,DAP,,,Sciences naturelles,France,Homologué,A,C,C,B,,"Excellente (permis A, B et véhicule personnel)"
8141228885550,Marques,Alphonse,Masculin,19861207,Roumanie,Rossi,Somalienne,inconnu,39,rue de Blanchet,5400,110901 Diekirch,Diekirch,Allemagne,Marié,Oui,False,Inconnu,True,False,130 Autorisation de séjour temporaire,20250329,20270807,,,,D1406,Chef des ventes,18 ans,,,,M1203,Assistant comptable,10 ans,6,Bachelor,,Comptabilité,Sciences naturelles,Afghanistan,Reconnu,B,C,,,Néerlandais: C,"Excellente (permis A, B et véhicule personnel)"
2352387505692,Fabre,Guy,Masculin,19540918,Érythrée,Lacroix,Érythréenne,résident,170,chemin Schmitt,3000,110901 Diekirch,Diekirch,Luxembourg,Inconnu,Inconnu,False,Inconnu,False,True,,,,,,,M1203,Aide-comptable,8 ans,K2111,Formateur professionnel,0 ans,,,,4,Diplôme d'éducateur,,Droit,"Mécanique, Sciences humaines",Pays-Bas,Vérifié,C,B,B,B,,"Excellente (permis A, B et véhicule personnel)"
7367032906416,Chrétien,Gilles,Masculin,20000901,Érythrée,François,Néerlandaise,inconnu,112,avenue Michel Blanc,2600,110601 Grevenmacher,Grevenmacher,Belgique,Divorcé,Non,False,Inconnu,False,False,130 Autorisation de séjour temporaire,20240507,20270817,,,,H2901,Mécanicien monteur,6 ans,,,,,,,7,Master,,Économie,Division administrative et commerciale,Érythrée,A valider,B,C,B,A,,Limitée pour des raisons psychiques et/ou physiques (durée de trajet restreinte)
1399115209009,Bailly,Arthur,Masculin,19620113,Royaume-Uni,Gonzalezboeuf,Luxembourgeoise,inconnu,162,rue David,9700,110601 Grevenmacher,Grevenmacher,Luxembourg,Célibataire,Oui,False,Inconnu,False,False,,,,,,,K1207,Éducateur spécialisé,17 ans,J1501,Auxiliaire de vie,2 ans,,,,1,,12ème EST,Sciences humaines,"Sciences naturelles, Division administrative et commerciale",France,Homologué,B,,B,B,,Limitée (pas de voiture et pas de transports en commun disponible)
5622836946099,De Oliveira,Nath,Féminin,20050510,Italie,Saint PénélopeBourg,Française,inconnu,53,chemin Marques,7300,110502 Echternach,Echternach,Luxembourg,Inconnu,Inconnu,True,Marché ordinaire,False,False,,,,,,,K1207,Animateur social,13 ans,,,,,,,1,Secondaire classique,12ème EST,,"Sciences humaines, Commerce",France,Reconnu,C,,C,A,Italien: C,"Excellente (permis A, B et véhicule personnel)"
8366793366586,Lévêque,Victor,Masculin,19860524,Érythrée,Roche,Néerlandaise,résident,74,boulevard Wagner,8400,110301 Differdange,Differdange,Allemagne,Veuf,Inconnu,False,Inconnu,False,False,,,,20250114,20261224,4110,M1203,Comptable,,I1308,Technicien helpdesk,3 ans,D1406,Chef des ventes,9 ans,7,Master,,Langues,Commerce,Portugal,Déclaré,B,,B,A,Russe: A,Limitée pour des raisons psychiques et/ou physiques (durée de trajet restreinte)
7189966155193,Evrard,Margot,Féminin,20020416,Érythrée,Saint Adrien-sur-Mer,Roumaine,résident,34,chemin Peltier,3100,110201 Esch-sur-Alzette,Esch-sur-Alzette,Allemagne,Divorcé,Oui,False,Inconnu,False,True,,,,20250502,20261124,2310,H2901,Monteur,7 ans,,,,,,,5,BTS,,,"Commerce, Sciences humaines, Hôtellerie-Restauration",Roumanie,Déclaré,B,B,A,C,Russe: C,"Excellente (permis A, B et véhicule personnel)"
1903275579271,Allard,Frédéric,Masculin,19510620,Érythrée,Goncalves,Britannique,non-résident,205,boulevard Élise Royer,8500,110601 Grevenmacher,Grevenmacher,Belgique,Célibataire,Oui,True,Atelier protégé,True,False,,,,,,,I1308,Technicien helpdesk,11 ans,,,,,,,8,PhD,,,Informatique,Belgique,Reconnu,B,B,C,A,,Moyenne (permis B mais pas de voiture disponible ou utilisation de transports en communs)
8698683578534,Faure,Matthieu,Masculin,19630302,Érythrée,Saint Louiseboeuf,Allemande,résident,155,rue Christelle Bonnet,9800,110201 Esch-sur-Alzette,Esch-sur-Alzette,France,Marié,Inconnu,False,Inconnu,False,False,130 Autorisation de séjour temporaire,20251004,20270205,20250626,20261221,1211,M1607,Secrétaire,1 ans,,,,,,,8,PhD,,Division administrative et commerciale,Éducation sociale,Érythrée,A valider,C,B,A,A,,"Excellente (permis A, B et véhicule personnel)"
1168098669939,Leroy,Pauline,Féminin,19550810,Syrie,Saint Margaux,Allemande,résident,222,boulevard Nicolas Chevalier,1100,110601 Grevenmacher,Grevenmacher,France,Célibataire,Non,False,Inconnu,True,False,,,,,,,D1406,Commercial,,K2111,Formateur professionnel,2 ans,K1207,Éducateur,1 ans,0,Secondaire technique,9ème EST,Comptabilité,Commerce,Somalie,Vérifié,C,B,A,,,Moyenne (permis B mais pas de voiture disponible ou utilisation de transports en communs)
3701000611389,Clément,Renée,Féminin,19860616,France,Masse-sur-Techer,Roumaine,résident,80,avenue Gabriel Weiss,4500,110401 Dudelange,Dudelange,Allemagne,PA,Oui,False,Inconnu,True,False,,,,,,,K1207,Éducateur,,,,,J1501,Auxiliaire de vie,6 ans,7,Master,,,"Comptabilité, Sciences humaines",Italie,Déclaré,C,B,,C,,Limitée (pas de voiture et pas de transports en commun disponible)
1387063408035,Rousset,Jean,Masculin,19660623,Italie,Richard,Néerlandaise,résident,90,boulevard de Rossi,7000,110601 Grevenmacher,Grevenmacher,Luxembourg,Divorcé,Inconnu,False,Inconnu,True,False,,,,,,,D1406,Commercial,3 ans,H2901,Mécanicien monteur,,,,,2,Secondaire classique,2ème ESC,Éducation sociale,"Droit, Comptabilité",Allemagne,A valider,A,B,B,,Arabe: A,Limitée pour des raisons psychiques et/ou physiques (durée de trajet restreinte)
0657191139124,Huet,Marie,Féminin,19951019,France,Gomez,Belge,résident,103,rue de Mahe,1700,110101 Luxembourg,Luxembourg,Luxembourg,Veuf,Oui,False,Inconnu,False,False,,,,,,,K2111,Formateur,,,,,,,,0,,5ème primaire,Comptabilité,Soins infirmiers,Pays-Bas,Déclaré,B,,,,Italien: C,Limitée pour des raisons psychiques et/ou physiques (durée de trajet restreinte)
8329798470140,Fabre,Denise,Féminin,19950706,Pays-Bas,Gillet-la-Forêt,Roumaine,inconnu,219,rue Robert Berger,4100,111001 Wiltz,Wiltz,Allemagne,Inconnu,Oui,False,Inconnu,False,False,120 Carte de séjour UE,20240620,20270825,,,,N1103,Préparateur de commandes,8 ans,H2901,Monteur,11 ans,G1603,Serveur,5 ans,1,Secondaire classique,2ème ESC,Hôtellerie-Restauration,Droit,Somalie,Déclaré,C,,B,B,Russe: C,Limitée (pas de voiture et pas de transports en commun disponible)
0790681678038,Gomes,Joséphine,Féminin,19820326,Luxembourg,Ettelbruck,Somalienne,inconnu,144,rue de Payet,3200,110901 Diekirch,Diekirch,Luxembourg,Inconnu,Inconnu,False,Inconnu,True,False,,,,,,,N1103,Magasinier,,,,,,,,3,CATP,,Droit,"Hôtellerie-Restauration, Comptabilité, Éducation sociale",Portugal,A valider,A,C,,A,,Limitée (pas de voiture et pas de transports en commun disponible)
6959605604126,Lesage,Éric,Masculin,19650912,Luxembourg,Diekirch,Portugaise,inconnu,109,avenue Rocher,7400,110801 Ettelbruck,Ettelbruck,Allemagne,PA,Inconnu,True,Marché ordinaire,True,False,,,,,,,D1406,Responsable commercial,,,,,,,,5,BTS,,Commerce,"Droit, Comptabilité, Économie",Italie,Homologué,C,,A,C,,"Excellente (permis A, B et véhicule personnel)"
1665447834181,Ferreira,Patrick,Masculin,19971014,France,Lombard-sur-Mer,Néerlandaise,résident,38,chemin Nathalie Boucher,4600,110101 Luxembourg,Luxembourg,Luxembourg,PA,Oui,False,Inconnu,False,True,,,,,,,G1603,Agent de restauration,17 ans,,,,,,,5,BTS,,Électronique,Division administrative et commerciale,Belgique,Reconnu,A,B,A,,,Limitée (pas de voiture et pas de transports en commun disponible)
5059423656449,Bouvier,Françoise,Féminin,20001020,Somalie,Bertin-la-Forêt,Afghane,résident,227,boulevard Besson,1500,110801 Ettelbruck,Ettelbruck,Luxembourg,Marié,Oui,False,Inconnu,False,False,,,,,,,M1607,Secrétaire juridique,8 ans,,,,,,,0,,2ème ESC,Droit,"Hôtellerie-Restauration, Langues",Somalie,Homologué,C,A,A,,Néerlandais: A,Moyenne (permis B mais pas de voiture disponible ou utilisation de transports en communs)
9873448562253,Chrétien,Constance,Féminin,19520825,Espagne,Bourgeois,Roumaine,résident,125,rue Marcel Charpentier,4300,110901 Diekirch,Diekirch,Luxembourg,Séparé,Non,False,Inconnu,False,False,,,,,,,G1603,Employé de restauration,,,,,I1308,Technicien support,4 ans,5,BTS,,Soins infirmiers,"Sciences humaines, Éducation sociale",Somalie,A valider,B,A,A,C,,"Excellente (permis A, B et véhicule personnel)"
9569847037155,Besson,Louise,Féminin,19720415,France,Robin-sur-Buisson,Italienne,résident,201,rue de Garcia,7500,110601 Grevenmacher,Grevenmacher,Belgique,Séparé,Oui,False,Inconnu,True,False,,,,,,,N1103,Magasinier,0 ans,,,,J1501,Auxiliaire de vie,8 ans,4,Diplôme d'éducateur,,Sciences humaines,"Électronique, Sciences naturelles",Afghanistan,Reconnu,B,B,A,,,Limitée (pas de voiture et pas de transports en commun disponible)
4452370276550,Huet,Patrick,Masculin,19891216,Syrie,Jacquet,Néerlandaise,inconnu,108,avenue de Bourgeois,8300,110701 Remich,Remich,France,Veuf,Oui,False,Inconnu,False,False,,,,,,,M1607,Secrétaire juridique,10 ans,K1207,Animateur social,2 ans,,,,2,Secondaire technique,2ème ESC,Langues,"Mécanique, Informatique, Électronique",Royaume-Uni,Vérifié,B,B,B,C,,Limitée (pas de voiture et pas de transports en commun disponible)
4949176809060,Rolland,Philippe,Masculin,19570304,Pays-Bas,Robin,Somalienne,inconnu,174,boulevard de Moreno,9500,110502 Echternach,Echternach,Luxembourg,Marié,Oui,False,Inconnu,True,False,,,,20250612,20270111,2310,H2901,Monteur,10 ans,,,,,,,2,Secondaire technique,9ème EST,Commerce,"Droit, Sciences humaines",Allemagne,A valider,C,,A,,,"Excellente (permis A, B et véhicule personnel)"
9013209923108,Giraud,Nathalie,Féminin,19580522,Portugal,Saint Thomas,Britannique,résident,81,chemin Boulay,5800,110901 Diekirch,Diekirch,Allemagne,Séparé,Oui,False,Inconnu,False,False,,,,20250310,20260728,1211,K1207,Animateur social,15 ans,,,,,,,8,PhD,,Commerce,"Mécanique, Hôtellerie-Restauration, Droit",Royaume-Uni,Reconnu,B,,C,A,Arabe: C,"Excellente (permis A, B et véhicule personnel)"
2129190604189,Delaunay,André,Masculin,19680619,Roumanie,Payet-sur-Diallo,Néerlandaise,résident,82,boulevard de Thierry,2300,110901 Diekirch,Diekirch,France,Inconnu,Inconnu,True,Marché ordinaire,True,False,,,,,,,G1603,Agent de restauration,,M1203,Comptable,0 ans,D1406,Commercial,,0,Secondaire technique,2ème ESC,Sciences naturelles,"Informatique, Langues",Espagne,A valider,C,C,C,C,,Moyenne (permis B mais pas de voiture disponible ou utilisation de transports en communs)
9824033384600,Gonzalez,Yves,Masculin,19721005,Espagne,Boucher,Syrienne,résident,250,rue Jeannine Allard,8500,110401 Dudelange,Dudelange,Luxembourg,Inconnu,Inconnu,False,Inconnu,False,False,,,,,,,J1501,Infirmier,,,,,,,,6,Bachelor,,Économie,"Informatique, Division administrative et commerciale",Royaume-Uni,Déclaré,B,B,A,A,Portugais: A,"Excellente (permis A, B et véhicule personnel)"
2914019303643,Marty,Virginie,Féminin,19931016,Somalie,Saint Jean,Britannique,résident,230,rue Thierry Delaunay,2400,111001 Wiltz,Wiltz,France,Veuf,Oui,False,Inconnu,True,False,,,,,,,D1406,Responsable commercial,9 ans,,,,,,,3,DAP,,Langues,Commerce,Luxembourg,Reconnu,C,B,A,,,Limitée pour des raisons psychiques et/ou physiques (durée de trajet restreinte)
9002679971840,Baudry,Nicolas,Masculin,19770709,Pays-Bas,Duhamel-les-Bains,Luxembourgeoise,résident,98,boulevard Inès Louis,8000,110101 Luxembourg,Luxembourg,Luxembourg,PA,Non,False,Inconnu,False,False,,,,,,,N1103,Magasinier,4 ans,M1203,Aide-comptable,1 ans,I1308,Technicien support,,4,Diplôme d'éducateur,,Commerce,Droit,Érythrée,Reconnu,A,,A,,,Moyenne (permis B mais pas de voiture disponible ou utilisation de transports en communs)
0716502460891,Schneider,Luc,Masculin,19540707,Syrie,Lacombe-sur-Jacob,Néerlandaise,non-résident,81,avenue de Sanchez,8600,110301 Differdange,Differdange,Belgique,Veuf,Non,True,Marché ordinaire,False,True,,,,,,,N1103,Agent logistique,,,,,K2111,Formateur,3 ans,2,Secondaire classique,9ème EST,,"Comptabilité, Économie",Portugal,Homologué,C,B,B,C,,"Excellente (permis A, B et véhicule personnel)"
1448133232180,Bonnet,Diane,Féminin,19670405,Italie,Perrot,Roumaine,résident,141,avenue Augustin Bigot,1400,110401 Dudelange,Dudelange,France,Veuf,Oui,True,Inconnu,False,False,,,,,,,M1607,Secrétaire,,K1207,Éducateur,6 ans,G1603,Agent de restauration,,3,CATP,,Sciences humaines,Comptabilité,Afghanistan,Homologué,B,B,B,A,Espagnol: A,"Excellente (permis A, B et véhicule personnel)"
3510061576955,Roche,Capucine,Féminin,19720206,Roumanie,Gosselinboeuf,Érythréenne,inconnu,118,boulevard Jacqueline Pineau,1100,111001 Wiltz,Wiltz,Allemagne,Veuf,Inconnu,False,Inconnu,False,False,,,,,,,N1103,Magasinier,6 ans,,,,,,,3,DT,,Sciences naturelles,Électronique,Somalie,Déclaré,C,,A,B,,Moyenne (permis B mais pas de voiture disponible ou utilisation de transports en communs)
6230834308251,Laurent,Michel,Masculin,19920328,Pologne,Lagarde,Néerlandaise,résident,204,chemin de Lecomte,8100,110401 Dudelange,Dudelange,Belgique,PA,Non,False,Inconnu,False,False,120 Carte de séjour UE,20230902,20270419,,,,J1501,Infirmier,17 ans,H2901,Mécanicien monteur,7 ans,,,,7,Master,,,"Soins infirmiers, Informatique",France,Homologué,B,,,A,,"Excellente (permis A, B et véhicule personnel)"
9500257479120,Le Goff,Frédéric,Masculin,19970427,France,Carreboeuf,Belge,résident,171,chemin Capucine Meunier,2100,110901 Diekirch,Diekirch,Luxembourg,Marié,Non,False,Inconnu,False,True,109 Protection temporaire (BPT),20241216,20271028,,,,J1501,Infirmier,9 ans,,,,,,,3,DT,,Éducation sociale,Électronique,Allemagne,Homologué,B,,B,,,Limitée pour des raisons psychiques et/ou physiques (durée de trajet restreinte)
8771413001773,Bernard,Arthur,Masculin,20050705,Luxembourg,Walferdange,Luxembourgeoise,non-résident,17,boulevard de Samson,9000,110301 Differdange,Differdange,Luxembourg,PA,Inconnu,False,Inconnu,True,False,,,,,,,J1501,Auxiliaire de vie,12 ans,K1207,Animateur social,10 ans,,,,1,Secondaire technique,5ème primaire,Sciences humaines,"Économie, Commerce, Sciences naturelles",Roumanie,Homologué,C,A,B,B,Néerlandais: C,Limitée pour des raisons psychiques et/ou physiques (durée de trajet restreinte)
1201525922471,Bonnin,Constance,Féminin,19510423,Érythrée,Fischer,Somalienne,résident,17,avenue Geneviève Maillet,1500,110301 Differdange,Differdange,France,Veuf,Oui,True,Atelier protégé,False,False,,,,20240618,20260904,2411,K1207,Éducateur spécialisé,,J1501,Auxiliaire de vie,,I1308,Technicien helpdesk,4 ans,3,DT,,Langues,"Soins infirmiers, Comptabilité",Syrie,A valider,C,A,C,B,Arabe: C,Moyenne (permis B mais pas de voiture disponible ou utilisation de transports en communs)
9640367692730,Dumont,Nathalie,Féminin,19920127,Portugal,Vincent,Polonaise,résident,54,chemin Gaudin,2800,110601 Grevenmacher,Grevenmacher,France,Séparé,Inconnu,False,Inconnu,False,False,,,,,,,G1603,Serveur,0 ans,,,,N1103,Agent logistique,8 ans,7,Master,,Sciences naturelles,"Informatique, Mécanique, Soins infirmiers",Portugal,Vérifié,B,,,A,Arabe: A,Limitée pour des raisons psychiques et/ou physiques (durée de trajet restreinte)
2815589718010,Pineau,Michèle,Féminin,19780813,Somalie,Laine-sur-Bernier,Espagnole,résident,154,chemin de Leconte,4100,110101 Luxembourg,Luxembourg,Luxembourg,Séparé,Oui,True,Marché ordinaire,False,False,,,,,,,D1406,Commercial,,H2901,Ajusteur-monteur,1 ans,,,,3,DAP,,Soins infirmiers,"Hôtellerie-Restauration, Droit",Espagne,Homologué,A,B,A,,Portugais: C,Limitée (pas de voiture et pas de transports en commun disponible)
7200208909387,Monnier,Cécile,Féminin,19710724,Syrie,Thomas-sur-Mer,Afghane,inconnu,229,rue de Pascal,6500,110901 Diekirch,Diekirch,Luxembourg,Célibataire,Inconnu,False,Inconnu,False,False,,,,,,,D1406,Commercial,8 ans,K1207,Éducateur,,,,,4,Diplôme d'éducateur,,,Langues,Luxembourg,A valider,B,A,C,C,,Limitée pour des raisons psychiques et/ou physiques (durée de trajet restreinte)
9021098449746,Benoit,Pénélope,Féminin,19710409,Espagne,GrenierVille,Néerlandaise,résident,219,rue de Chauvet,1800,110401 Dudelange,Dudelange,Luxembourg,Séparé,Oui,False,Inconnu,True,False,065 Membre de famille (UE avec hors UE),20230518,20270916,,,,M1607,Assistant administratif,4 ans,,,,,,,0,,2ème ESC,Sciences humaines,"Droit, Sciences naturelles",Royaume-Uni,Homologué,B,A,A,C,Portugais: C,Limitée (pas de voiture et pas de transports en commun disponible)
8486435679863,Lambert,Nathalie,Féminin,19630207,Roumanie,Besson,Française,résident,167,avenue de Gimenez,6600,110601 Grevenmacher,Grevenmacher,Luxembourg,Inconnu,Non,False,Inconnu,False,False,,,,20240719,20261001,5223,J1501,Aide-soignant,7 ans,,,,,,,3,DAP,,Commerce,"Informatique, Commerce",Luxembourg,A valider,B,C,B,A,,Limitée pour des raisons psychiques et/ou physiques (durée de trajet restreinte)
7383010425557,Morel,Charlotte,Féminin,19950226,Roumanie,GuilbertBourg,Polonaise,résident,176,rue de Guilbert,3200,110502 Echternach,Echternach,Luxembourg,Divorcé,Non,False,Inconnu,False,False,,,,,,,N1103,Agent logistique,0 ans,D1406,Responsable commercial,,,,,0,Secondaire technique,12ème EST,Comptabilité,"Sciences humaines, Droit",Syrie,A valider,A,,B,A,,Moyenne (permis B mais pas de voiture disponible ou utilisation de transports en communs)
1541792455074,Dumont,Madeleine,Féminin,19580503,Pays-Bas,Potier-sur-Étienne,Française,résident,163,chemin Da Costa,9600,110901 Diekirch,Diekirch,Luxembourg,Veuf,Oui,False,Inconnu,False,True,109 Protection temporaire (BPT),20240702,20270506,,,,M1607,Secrétaire juridique,16 ans,,,,,,,6,Bachelor,,Droit,"Sciences naturelles, Comptabilité, Économie",Afghanistan,Reconnu,C,,A,B,Portugais: B,Limitée pour des raisons psychiques et/ou physiques (durée de trajet restreinte)
2779864953939,Dumas,Brigitte,Féminin,19951129,Royaume-Uni,Cousin,Allemande,résident,93,rue Pauline Marion,7500,110101 Luxembourg,Luxembourg,Luxembourg,Veuf,Non,True,Atelier protégé,False,False,,,,20240222,20260902,1211,G1603,Employé de restauration,,,,,,,,5,BTS,,Division administrative et commerciale,Économie,France,A valider,B,C,A,,,Moyenne (permis B mais pas de voiture disponible ou utilisation de transports en communs)
2932093533912,Lopes,Laetitia,Féminin,19990914,Allemagne,Lemaire,Allemande,inconnu,93,rue Lucas Marin,8100,110301 Differdange,Differdange,Luxembourg,Marié,Inconnu,False,Inconnu,True,False,,,,20241107,20260824,2411,M1607,Secrétaire juridique,20 ans,J1501,Aide-soignant,,,,,3,CATP,,Sciences humaines,"Division administrative et commerciale, Hôtellerie-Restauration, Informatique",Pays-Bas,A valider,A,B,,,Néerlandais: C,Limitée (pas de voiture et pas de transports en commun disponible)
8741295597797,Gosselin,Susanne,Féminin,19801017,France,Duboisnec,Polonaise,non-résident,42,chemin de Renard,5000,111001 Wiltz,Wiltz,France,Célibataire,Oui,False,Inconnu,True,False,,,,,,,G1603,Employé de restauration,4 ans,,,,,,,8,PhD,,Sciences naturelles,"Sciences humaines, Mécanique",Afghanistan,Reconnu,C,,C,C,,Limitée (pas de voiture et pas de transports en commun disponible)
8222321728974,Da Silva,Arthur,Masculin,19660410,Royaume-Uni,Ferreira,Roumaine,non-résident,169,chemin Laurent,8200,110301 Differdange,Differdange,Belgique,Marié,Non,True,Atelier protégé,False,True,130 Autorisation de séjour temporaire,20250913,20270530,20250218,20260809,2412,G1603,Serveur,0 ans,K1207,Éducateur,11 ans,,,,8,PhD,,Éducation sociale,"Comptabilité, Informatique",Belgique,Vérifié,B,B,A,B,,Moyenne (permis B mais pas de voiture disponible ou utilisation de transports en communs)
5368688847859,Joly,Patrick,Masculin,20050111,Belgique,Saint Lucie,Belge,résident,86,chemin Ferreira,6100,110701 Remich,Remich,Belgique,Inconnu,Inconnu,False,Inconnu,False,True,120 Carte de séjour UE,20251225,20270604,,,,K1207,Éducateur spécialisé,,,,,K2111,Formateur professionnel,,4,Diplôme d'éducateur,,Sciences humaines,Électronique,Pays-Bas,Homologué,A,,A,A,Italien: C,Limitée (pas de voiture et pas de transports en commun disponible)
5811175900749,Poulain,Rémy,Masculin,19620830,France,Étienne,Érythréenne,inconnu,84,rue Marthe Hoarau,9400,110301 Differdange,Differdange,France,Célibataire,Non,True,Atelier protégé,False,False,065 Membre de famille (UE avec hors UE),20251109,20270907,,,,I1308,Support informatique,5 ans,,,,,,,2,Secondaire technique,2ème ESC,Électronique,"Comptabilité, Sciences humaines",Portugal,Homologué,C,C,A,,,Limitée (pas de voiture et pas de transports en commun disponible)
0075102058241,Breton,Virginie,Féminin,19580726,Luxembourg,Vianden,Allemande,non-résident,81,rue Eugène Michel,3000,110502 Echternach,Echternach,Allemagne,Inconnu,Oui,False,Inconnu,False,False,,,,,,,J1501,Aide-soignant,10 ans,M1607,Secrétaire,7 ans,,,,1,Secondaire technique,12ème EST,Sciences humaines,"Comptabilité, Informatique",Syrie,Homologué,B,C,A,B,,Limitée pour des raisons psychiques et/ou physiques (durée de trajet restreinte)
9913619255554,Chauvet,Maryse,Féminin,19650327,Roumanie,Renault-sur-Grégoire,Néerlandaise,non-résident,44,chemin Delannoy,9300,110201 Esch-sur-Alzette,Esch-sur-Alzette,Belgique,PA,Oui,False,Inconnu,False,False,,,,20241023,20270114,7231,I1308,Technicien helpdesk,,,,,K1207,Animateur social,9 ans,8,PhD,,Langues,Mécanique,Pays-Bas,Vérifié,B,A,B,A,Arabe: A,Limitée pour des raisons psychiques et/ou physiques (durée de trajet restreinte)
9181473562561,Boucher,Benjamin,Masculin,19510128,Somalie,Saint Zoé,Polonaise,résident,58,rue Richard,5400,110201 Esch-sur-Alzette,Esch-sur-Alzette,Belgique,Veuf,Inconnu,False,Inconnu,False,False,,,,,,,H2901,Mécanicien monteur,,,,,,,,4,Diplôme d'éducateur,,,"Comptabilité, Informatique, Économie",Pologne,Reconnu,A,B,C,A,Espagnol: B,Limitée (pas de voiture et pas de transports en commun disponible)
8667586512764,Charrier,Mathilde,Féminin,19910810,France,Blanchard-sur-Rodriguez,Allemande,résident,53,boulevard Perret,5000,110901 Diekirch,Diekirch,France,Célibataire,Inconnu,True,Inconnu,False,False,120 Carte de séjour UE,20240508,20271227,,,,M1607,Assistant administratif,6 ans,,,,,,,3,DT,,Soins infirmiers,Langues,France,A valider,C,B,,B,,Limitée pour des raisons psychiques et/ou physiques (durée de trajet restreinte)
1377577849992,Huet,Guy,Masculin,19631128,Espagne,Saint Édouard,Néerlandaise,résident,131,rue de Giraud,5000,110401 Dudelange,Dudelange,Allemagne,Divorcé,Oui,True,Atelier protégé,False,False,,,,,,,M1203,Assistant comptable,17 ans,I1308,Technicien support,0 ans,,,,0,Secondaire classique,5ème primaire,Division administrative et commerciale,"Économie, Hôtellerie-Restauration",Pays-Bas,Reconnu,C,B,A,C,,Limitée (pas de voiture et pas de transports en commun disponible)
1427395710662,Torres,Laetitia,Féminin,20050326,Pays-Bas,Marchalnec,Luxembourgeoise,non-résident,188,rue de Giraud,4200,110601 Grevenmacher,Grevenmacher,Allemagne,Divorcé,Inconnu,True,Marché ordinaire,False,False,,,,20240513,20261215,1211,M1203,Aide-comptable,2 ans,I1308,Support informatique,5 ans,,,,2,Secondaire technique,5ème primaire,Division administrative et commerciale,"Droit, Soins infirmiers",Belgique,Vérifié,C,C,A,C,,"Excellente (permis A, B et véhicule personnel)"
6812708588950,Blin,Marianne,Féminin,19700127,Espagne,Hebert,Roumaine,résident,32,avenue Audrey Jacques,4900,110401 Dudelange,Dudelange,Luxembourg,Séparé,Non,True,Atelier protégé,False,False,,,,,,,D1406,Commercial,8 ans,K2111,Formateur,,,,,2,Secondaire classique,5ème primaire,Commerce,Sciences humaines,Pays-Bas,Homologué,C,A,,C,Italien: B,Moyenne (permis B mais pas de voiture disponible ou utilisation de transports en communs)
9175017618522,Louis,Yves,Masculin,19740719,France,Hoareau,Polonaise,inconnu,131,boulevard Maurice Duhamel,7500,111001 Wiltz,Wiltz,Luxembourg,Inconnu,Non,False,Inconnu,False,False,,,,,,,M1607,Secrétaire juridique,,M1203,Assistant comptable,5 ans,,,,6,Bachelor,,Commerce,Soins infirmiers,Pays-Bas,Homologué,A,,B,C,Russe: C,Moyenne (permis B mais pas de voiture disponible ou utilisation de transports en communs)
6724407243267,Sauvage,Antoine,Masculin,19650202,Pays-Bas,PerezVille,Roumaine,résident,191,boulevard Valentine Guibert,2800,110201 Esch-sur-Alzette,Esch-sur-Alzette,France,PA,Oui,False,Inconnu,False,False,,,,20251217,20261214,2411,H2901,Mécanicien monteur,17 ans,M1607,Secrétaire,8 ans,G1603,Employé de restauration,9 ans,0,Secondaire technique,12ème EST,Économie,"Hôtellerie-Restauration, Électronique",Afghanistan,Déclaré,A,A,B,,,Limitée pour des raisons psychiques et/ou physiques (durée de trajet restreinte)
4305560442600,Bernard,Martine,Féminin,20020719,Allemagne,Richard,Britannique,résident,166,rue Édouard Hoarau,8000,110801 Ettelbruck,Ettelbruck,Belgique,Marié,Non,False,Inconnu,False,False,,,,,,,D1406,Chef des ventes,,M1203,Comptable,,,,,3,CATP,,Électronique,"Commerce, Langues",Belgique,Déclaré,B,B,A,,,Limitée (pas de voiture et pas de transports en commun disponible)
9734443855604,Millet,Éric,Masculin,19560323,Allemagne,Langlois,Italienne,résident,103,boulevard Alphonse Joly,3500,110701 Remich,Remich,Luxembourg,Divorcé,Non,False,Inconnu,False,False,120 Carte de séjour UE,20250222,20270814,,,,H2901,Monteur,2 ans,,,,,,,0,Secondaire classique,9ème EST,Hôtellerie-Restauration,Division administrative et commerciale,Érythrée,Reconnu,C,,C,,,Limitée (pas de voiture et pas de transports en commun disponible)
2012156938559,Chevallier,Constance,Féminin,19510131,Belgique,Lefèvre,Française,non-résident,51,boulevard Sauvage,8000,110801 Ettelbruck,Ettelbruck,Luxembourg,Inconnu,Non,False,Inconnu,False,False,,,,,,,D1406,Commercial,10 ans,,,,,,,6,Bachelor,,Sciences naturelles,"Éducation sociale, Comptabilité, Soins infirmiers",Luxembourg,Vérifié,B,B,C,C,,Limitée (pas de voiture et pas de transports en commun disponible)
6570026699342,Marion,Xavier,Masculin,19800318,Érythrée,Fernandez-sur-Carpentier,Britannique,résident,228,rue Lorraine Laurent,5400,110201 Esch-sur-Alzette,Esch-sur-Alzette,Belgique,Séparé,Inconnu,False,Inconnu,True,False,,,,,,,M1203,Comptable,6 ans,,,,,,,0,,5ème primaire,Sciences humaines,Mécanique,Belgique,Déclaré,A,,C,A,Néerlandais: A,Limitée pour des raisons psychiques et/ou physiques (durée de trajet restreinte)
7069114928893,Pages,Jérôme,Masculin,19710103,Royaume-Uni,Morin-la-Forêt,Syrienne,résident,81,boulevard Hubert,4500,110701 Remich,Remich,France,Divorcé,Oui,False,Inconnu,False,True,,,,,,,N1103,Préparateur de commandes,9 ans,K2111,Formateur professionnel,,,,,0,Secondaire technique,9ème EST,,Hôtellerie-Restauration,Érythrée,Reconnu,C,C,,B,,Limitée (pas de voiture et pas de transports en commun disponible)
3414133468895,Roux,Lucas,Masculin,20040925,Allemagne,Lebon-les-Bains,Portugaise,non-résident,71,rue de Meyer,1600,110502 Echternach,Echternach,Luxembourg,Marié,Non,False,Inconnu,False,False,,,,,,,D1406,Commercial,18 ans,,,,,,,2,,5ème primaire,,"Commerce, Droit",Royaume-Uni,Reconnu,B,A,A,A,,Limitée pour des raisons psychiques et/ou physiques (durée de trajet restreinte)
0815674431098,Denis,Gérard,Masculin,20041029,Luxembourg,Bettembourg,Afghane,résident,79,chemin Manon Lelièvre,3800,110401 Dudelange,Dudelange,Allemagne,Marié,Inconnu,True,Atelier protégé,True,False,,,,,,,M1203,Aide-comptable,20 ans,,,,D1406,Commercial,,6,Bachelor,,Soins infirmiers,Droit,Royaume-Uni,Vérifié,A,,,,,"Excellente (permis A, B et véhicule personnel)"
0611894574973,Georges,Victor,Masculin,19860826,Roumanie,Sainte Victoire-sur-Mer,Britannique,résident,142,chemin Lévy,6800,111001 Wiltz,Wiltz,Belgique,Inconnu,Inconnu,False,Inconnu,False,False,,,,20240913,20260802,2320,G1603,Serveur,,,,,,,,2,Secondaire classique,5ème primaire,Économie,"Comptabilité, Mécanique, Éducation sociale",Somalie,Déclaré,A,,A,C,,Limitée pour des raisons psychiques et/ou physiques (durée de trajet restreinte)
7087005793853,Menard,Lorraine,Féminin,19751029,Syrie,Gillet,Polonaise,résident,26,avenue de Morin,9400,111001 Wiltz,Wiltz,Luxembourg,Marié,Oui,True,Marché ordinaire,False,False,100 Protection internationale (BPI),20240208,20270213,,,,I1308,Technicien support,,,,,,,,7,Master,,Mécanique,Mécanique,Royaume-Uni,A valider,B,,,B,,Limitée pour des raisons psychiques et/ou physiques (durée de trajet restreinte)
6572701867754,Vallet,Valentine,Féminin,19930221,Syrie,Henry,Belge,résident,196,boulevard Antoine Le Goff,5900,110601 Grevenmacher,Grevenmacher,Luxembourg,Veuf,Non,True,Atelier protégé,False,False,,,,20250715,20260926,5223,D1406,Chef des ventes,14 ans,K2111,Conseiller en formation,15 ans,,,,4,Diplôme d'éducateur,,Éducation sociale,"Électronique, Langues, Éducation sociale",Pays-Bas,Reconnu,C,C,,,,Moyenne (permis B mais pas de voiture disponible ou utilisation de transports en communs)
7373710416106,Bruneau,Adrienne,Féminin,19781114,France,Lacroix,Néerlandaise,inconnu,196,rue Adélaïde Perrier,4100,110201 Esch-sur-Alzette,Esch-sur-Alzette,Luxembourg,PA,Inconnu,False,Inconnu,True,False,,,,,,,H2901,Ajusteur-monteur,7 ans,D1406,Chef des ventes,9 ans,,,,2,Secondaire technique,12ème EST,Commerce,Soins infirmiers,Belgique,Reconnu,C,,B,A,,Limitée pour des raisons psychiques et/ou physiques (durée de trajet restreinte)
1790088219832,Cordier,Margaud,Féminin,19870709,Italie,VasseurVille,Syrienne,non-résident,3,avenue Christiane Blanchard,3500,110901 Diekirch,Diekirch,France,Inconnu,Oui,False,Inconnu,False,False,,,,20241117,20261225,5223,H2901,Ajusteur-monteur,13 ans,D1406,Responsable commercial,,,,,1,,2ème ESC,Éducation sociale,"Comptabilité, Électronique, Sciences naturelles",Afghanistan,Reconnu,C,,C,B,,Moyenne (permis B mais pas de voiture disponible ou utilisation de transports en communs)
3010433835642,Blanchet,Zacharie,Masculin,19781104,Luxembourg,Echternach,Italienne,résident,233,boulevard Nicolas,3600,110301 Differdange,Differdange,Luxembourg,PA,Non,True,Atelier protégé,False,False,,,,,,,H2901,Monteur,15 ans,K1207,Éducateur,2 ans,J1501,Aide-soignant,10 ans,5,BTS,,Hôtellerie-Restauration,"Division administrative et commerciale, Éducation sociale, Comptabilité",Roumanie,Vérifié,A,,B,B,,"Excellente (permis A, B et véhicule personnel)"
0860291339511,Masse,Robert,Masculin,19500220,Pays-Bas,Lenoir-les-Bains,Britannique,inconnu,45,rue de Vincent,6600,111001 Wiltz,Wiltz,Belgique,Séparé,Oui,False,Inconnu,False,False,130 Autorisation de séjour temporaire,20230521,20270918,,,,I1308,Technicien support,10 ans,K1207,Éducateur,,,,,0,Secondaire classique,2ème ESC,Sciences humaines,"Sciences humaines, Soins infirmiers, Division administrative et commerciale",France,Déclaré,B,,C,C,,Moyenne (permis B mais pas de voiture disponible ou utilisation de transports en communs)
4643739631002,Michaud,Raymond,Masculin,19850615,Royaume-Uni,Pons-sur-Parent,Française,non-résident,130,avenue Eugène Caron,3800,111001 Wiltz,Wiltz,Luxembourg,Séparé,Oui,False,Inconnu,False,False,,,,,,,D1406,Responsable commercial,6 ans,,,,,,,5,BTS,,Mécanique,"Hôtellerie-Restauration, Sciences humaines",Luxembourg,Reconnu,B,,C,,Néerlandais: C,Limitée (pas de voiture et pas de transports en commun disponible)
5940645258878,Godard,Maryse,Féminin,20020309,Somalie,Pons,Luxembourgeoise,résident,101,rue de Schneider,2700,110601 Grevenmacher,Grevenmacher,Luxembourg,PA,Non,False,Inconnu,False,False,,,,,,,G1603,Agent de restauration,19 ans,,,,,,,4,Brevet de maîtrise,,Sciences humaines,"Comptabilité, Sciences naturelles",Syrie,Vérifié,B,,B,B,,Moyenne (permis B mais pas de voiture disponible ou utilisation de transports en communs)
4960575015251,Poulain,Thierry,Masculin,19661025,Afghanistan,Sainte Julie,Britannique,résident,124,boulevard de Masson,4800,110701 Remich,Remich,Belgique,Célibataire,Inconnu,False,Inconnu,False,False,,,,,,,J1501,Infirmier,,D1406,Commercial,,,,,3,CATP,,Division administrative et commerciale,"Division administrative et commerciale, Électronique",Somalie,A valider,C,,,B,Néerlandais: C,Limitée pour des raisons psychiques et/ou physiques (durée de trajet restreinte)
9580465244986,Humbert,Alexandre,Masculin,19710209,Italie,Saint Zoédan,Luxembourgeoise,inconnu,19,avenue Bazin,4000,110801 Ettelbruck,Ettelbruck,Luxembourg,Inconnu,Inconnu,False,Inconnu,False,False,,,,20240329,20261122,5120,K2111,Conseiller en formation,11 ans,,,,N1103,Agent logistique,,5,BTS,,Droit,"Soins infirmiers, Comptabilité",Afghanistan,Vérifié,B,A,A,C,,"Excellente (permis A, B et véhicule personnel)"
9120225092340,Martel,Maurice,Masculin,19640726,Syrie,Valette,Britannique,résident,233,chemin de Boutin,6400,110701 Remich,Remich,France,Divorcé,Non,False,Inconnu,False,True,,,,,,,N1103,Préparateur de commandes,10 ans,K2111,Formateur professionnel,3 ans,M1203,Aide-comptable,5 ans,0,,5ème primaire,Sciences humaines,Informatique,Portugal,A valider,B,B,C,A,,Limitée (pas de voiture et pas de transports en commun disponible)
8627690777195,Berthelot,Gilbert,Masculin,19960716,Portugal,Sainte Corinne,Luxembourgeoise,résident,52,avenue de Besnard,4600,110101 Luxembourg,Luxembourg,Luxembourg,Célibataire,Non,False,Inconnu,False,False,,,,,,,G1603,Serveur,20 ans,M1607,Secrétaire juridique,,,,,0,Secondaire classique,12ème EST,,"Sciences humaines, Comptabilité",Somalie,Reconnu,B,B,B,C,,Limitée (pas de voiture et pas de transports en commun disponible)
5744070905764,Leclerc,Jacqueline,Féminin,19580930,Allemagne,Pons-les-Bains,Polonaise,non-résident,204,chemin de Meyer,3600,110901 Diekirch,Diekirch,Luxembourg,Veuf,Oui,False,Inconnu,False,False,,,,,,,N1103,Préparateur de commandes,3 ans,,,,M1607,Assistant administratif,,2,,12ème EST,Soins infirmiers,"Économie, Éducation sociale",Somalie,Vérifié,B,B,A,C,Portugais: B,Limitée (pas de voiture et pas de transports en commun disponible)
